spp,species_adults,ecological_successional,F1,F2,F3,F4,F5,F6,F7,F8,F9,F10,F11,F12,F13,F14,F15,F16ANA,F16DE,F17,R1,R2,R3,R4,R5,R6,R7,R8,R9,R10,R11,R12,R13,R14
spp1,Actinostemon_concepcionis,nonpioneer_understory,0,0,0,0,0,0,0,0,0,0,1,0,0,0,0,0,0,0,0,0,0,0,0,0,0,0,0,0,0,0,0,0
spp2,Aegiphila_integrifolia,pioneer,4,5,0,5,0,0,0,1,0,0,1,1,0,0,4,0,0,0,0,0,0,1,0,3,0,1,0,0,0,2,1,13
spp4,Albizia_niopoides,nonpioneer_canopy,0,0,0,0,0,0,0,0,0,0,0,0,0,2,0,0,0,1,0,0,0,0,0,5,0,1,1,0,4,0,1,0
spp5,Albizia_polycephala,nonpioneer_canopy,0,0,0,0,0,0,0,0,0,0,1,0,5,2,0,0,0,0,0,0,0,0,0,0,0,0,0,0,0,1,0,0
spp6,Alchornea_glandulosa,pioneer,10,0,0,0,0,0,0,0,0,0,1,0,0,0,3,1,0,0,0,0,0,0,0,0,0,0,0,0,0,0,0,0
spp7,Allophylus_edulis,nonpioneer_canopy,3,0,3,0,0,7,0,0,3,0,0,3,0,0,2,0,0,0,0,0,0,0,0,0,0,0,0,0,0,0,0,0
spp8,Allophylus_racemosus,nonpioneer_canopy,0,0,0,0,0,0,0,0,0,0,3,0,1,10,1,1,0,9,0,0,0,0,0,0,0,0,0,0,0,0,0,17
spp9,Aloysia_virgata,pioneer,0,0,0,0,0,0,0,1,0,0,2,0,0,0,0,4,1,2,0,0,0,1,0,0,0,7,2,0,0,0,0,26
spp10,Amaioua_intermedia,nonpioneer_understory,0,0,0,0,0,0,0,0,0,1,0,0,0,0,0,0,0,0,0,0,0,0,0,0,0,0,0,0,0,0,0,0
spp11,Anadenanthera_colubrina,nonpioneer_canopy,0,0,0,4,0,2,0,0,0,1,0,0,0,0,3,0,1,0,3,0,0,0,0,0,0,0,0,0,0,0,0,0
spp12,Anadenanthera_peregrina,nonpioneer_canopy,0,7,0,2,0,2,12,33,6,2,0,0,1,2,4,0,0,1,3,0,0,3,0,3,0,0,6,0,0,0,0,0
spp13,Anadenanthera_sp.,UC,0,0,0,0,0,0,0,0,0,0,0,0,0,0,0,0,0,3,0,0,0,0,0,0,0,0,0,0,0,6,0,0
spp14,Andira_fraxinifolia,nonpioneer_canopy,0,1,0,0,0,0,0,0,0,1,0,0,0,0,4,0,0,0,0,0,0,0,0,0,0,0,0,0,0,0,0,0
spp15,Annona_cacans,nonpioneer_canopy,0,0,0,0,0,0,0,0,0,0,0,0,0,0,0,1,0,0,0,0,0,0,0,0,0,0,0,0,0,0,0,0
spp16,Annona_emarginata,nonpioneer_canopy,0,0,0,0,20,0,0,0,0,0,0,0,0,0,1,0,0,0,0,0,0,0,0,0,0,0,0,0,0,0,0,0
spp17,Annona_sylvatica,nonpioneer_canopy,0,3,0,0,0,6,0,0,0,0,2,2,0,1,1,0,0,1,0,0,0,0,0,0,0,0,0,0,0,0,0,0
spp18,Apeiba_tibourbou,pioneer,0,0,0,0,0,0,0,0,0,0,0,0,0,0,0,0,0,0,0,1,3,2,0,3,0,0,0,4,0,0,0,0
spp19,Aralia_excelsa,nonpioneer_canopy,0,0,0,0,0,0,0,0,1,0,1,0,0,0,0,0,0,0,0,0,0,0,0,0,0,0,0,0,0,0,0,0
spp20,Aralia_warmingiana,nonpioneer_canopy,0,0,0,0,0,0,0,0,0,0,1,0,0,0,0,0,0,0,0,0,0,0,0,0,0,0,0,0,0,0,0,0
spp21,Aspidosperma_cylindrocarpon,nonpioneer_canopy,0,1,0,4,0,0,0,0,0,0,0,0,0,0,0,0,0,0,0,0,0,0,0,0,1,0,0,2,0,0,0,0
spp22,Aspidosperma_parvifolium,nonpioneer_canopy,0,0,0,0,0,1,0,0,0,0,0,0,0,0,0,0,0,0,0,0,0,0,0,0,0,0,0,0,0,0,0,0
spp23,Aspidosperma_polyneuron,nonpioneer_canopy,0,0,0,0,0,0,0,0,0,0,0,0,0,2,0,1,0,0,0,0,0,0,0,0,0,0,0,0,0,0,0,0
spp24,Aspidosperma_ramiflorum,nonpioneer_canopy,0,0,0,0,0,0,0,0,0,0,0,0,0,0,0,2,0,0,0,0,0,0,0,0,0,0,0,0,0,0,0,0
spp25,Aspidosperma_sp.,UC,0,0,0,0,0,0,0,0,0,0,1,0,0,0,0,0,0,0,0,0,0,0,0,0,0,0,0,2,0,0,0,0
spp26,Aspidosperma_subincanum,nonpioneer_canopy,0,0,0,0,0,0,0,0,0,0,0,2,0,0,0,0,0,0,0,0,0,0,0,0,0,0,0,0,0,0,0,0
spp27,Aspidosperma_tomentosum,nonpioneer_canopy,0,0,0,0,0,0,0,0,1,0,0,0,0,0,0,0,0,0,0,0,0,0,0,0,0,0,0,0,0,0,0,0
spp28,Astronium_fraxinifolium,nonpioneer_canopy,0,1,0,1,0,4,1,0,3,0,2,9,0,0,1,0,0,0,0,0,0,0,0,0,0,0,0,0,0,1,0,0
spp29,Astronium_graveolens,nonpioneer_canopy,0,1,1,2,0,0,0,0,0,0,5,0,1,1,0,7,0,0,0,0,0,0,0,0,2,0,1,0,0,0,0,0
spp31,Baccharis_dracunculifolia,pioneer,0,0,0,0,0,0,0,0,0,0,0,0,0,0,0,0,0,0,0,0,0,0,0,0,0,0,1,0,0,0,0,0
spp32,Basiloxylon_brasiliensis,nonpioneer_canopy,0,0,0,0,0,0,0,0,0,0,0,0,0,0,0,0,0,0,0,0,0,0,0,0,0,1,0,0,0,0,0,0
spp33,Bastardiopsis_densiflora,pioneer,0,0,0,0,0,0,0,0,0,0,1,0,0,0,0,0,0,0,0,0,0,0,0,0,0,0,0,0,0,0,0,0
spp34,Bauhinia_forficata,pioneer,0,0,0,0,0,0,0,0,0,0,0,0,0,0,0,0,0,0,0,1,0,1,0,1,0,3,0,5,0,1,5,0
spp35,Bauhinia_longifolia,pioneer,0,0,0,0,0,0,1,0,1,0,0,1,0,0,0,0,1,0,0,0,0,0,0,0,0,0,0,0,0,0,0,1
spp36,Bixa_orellana,pioneer,0,0,0,0,0,0,0,0,0,0,0,0,0,0,0,0,0,0,0,2,0,7,0,1,0,2,0,0,0,0,0,0
spp37,Bredemeyera_floribunda,nonpioneer_understory,0,0,0,0,0,0,0,0,0,0,0,0,0,0,0,0,0,0,0,0,0,0,0,0,1,0,0,0,0,0,0,0
spp39,Byrsonima_cf._ligustrifolia,nonpioneer_understory,0,0,0,0,1,0,0,0,0,0,0,0,0,0,0,0,0,0,0,0,0,0,0,0,0,0,0,0,0,0,0,0
spp41,Cabralea_canjerana,nonpioneer_canopy,2,0,0,0,0,0,0,0,0,3,1,0,1,1,0,2,0,2,0,0,0,0,0,0,0,0,0,0,0,0,0,0
spp42,Calophyllum_brasiliense,nonpioneer_canopy,2,0,0,1,132,0,0,0,0,0,0,0,0,0,0,2,32,0,1,0,0,0,0,0,4,0,1,2,1,0,0,0
spp43,Calyptranthes_lucida,nonpioneer_understory,0,0,0,0,0,0,0,0,0,0,0,0,3,0,0,5,0,0,0,0,0,0,0,0,0,0,0,0,0,0,0,0
spp44,Campomanesia_guazumifolia,nonpioneer_canopy,0,0,0,0,0,0,0,0,0,0,0,2,0,0,1,0,0,2,0,0,0,0,0,0,0,0,0,0,0,0,0,0
spp45,Campomanesia_pubescens,nonpioneer_canopy,0,0,0,0,0,1,0,0,0,0,0,0,0,0,0,0,0,0,0,0,0,0,0,0,0,0,0,0,0,0,0,0
spp46,Campomanesia_xanthocarpa,nonpioneer_canopy,0,0,0,0,0,1,0,0,0,0,0,0,0,0,0,0,0,0,0,0,0,0,0,0,0,0,0,0,0,0,0,0
spp48,Cariniana_estrellensis,nonpioneer_canopy,0,0,0,0,0,0,0,0,0,0,2,0,0,1,1,0,0,3,0,0,0,0,0,1,0,0,0,0,1,0,0,0
spp49,Cariniana_legalis,nonpioneer_canopy,0,0,0,0,0,0,0,0,0,0,0,0,0,0,0,0,0,0,0,0,0,0,0,0,3,0,0,0,0,0,0,0
spp50,Casearia_decandra,nonpioneer_canopy,0,0,0,0,0,0,0,2,0,1,0,0,0,0,0,0,0,0,0,0,0,0,0,0,0,0,0,0,0,0,0,0
spp51,Casearia_gossypiosperma,nonpioneer_canopy,0,1,0,1,0,1,1,0,0,0,3,0,1,0,0,0,0,0,0,0,0,0,0,0,0,0,0,0,0,0,0,0
spp52,Casearia_obliqua,nonpioneer_canopy,1,0,0,0,0,0,0,0,0,1,0,0,0,0,0,0,0,0,0,0,0,0,0,0,0,0,0,0,0,0,0,0
spp53,Casearia_rupestris,nonpioneer_understory,0,0,0,0,0,0,1,0,0,1,0,0,0,0,0,0,0,2,0,0,0,0,0,0,0,0,0,0,0,0,0,0
spp54,Casearia_sylvestris,pioneer,3,3,0,9,0,3,6,3,3,4,0,0,0,0,0,0,1,0,0,0,0,0,0,0,0,6,0,0,0,2,0,0
spp55,Cecropia_glaziovii,pioneer,0,0,0,0,0,0,0,0,0,0,1,0,3,0,0,0,0,0,0,0,0,0,0,0,0,0,0,0,0,0,0,0
spp56,Cecropia_pachystachya,pioneer,4,2,3,0,15,0,5,2,1,1,2,2,0,0,1,0,18,0,1,30,7,2,0,11,2,13,3,2,2,85,0,2
spp57,Cedrela_fissilis,nonpioneer_canopy,0,0,0,0,0,0,0,0,0,0,2,0,0,1,0,2,0,3,0,0,0,2,3,2,0,6,0,3,3,3,4,1
spp58,Cedrela_odorata,nonpioneer_canopy,0,0,0,0,24,0,0,0,0,0,0,0,0,0,0,0,0,0,0,0,0,0,0,0,0,1,1,0,0,0,0,0
spp59,Cedrela_sp.,UC,0,0,0,0,0,0,0,0,0,0,0,0,0,0,0,0,0,0,0,0,0,0,0,0,0,3,0,0,0,0,1,0
spp60,Ceiba_speciosa,nonpioneer_canopy,0,0,0,0,0,0,0,2,0,0,1,0,3,0,0,1,0,0,0,4,1,0,0,6,3,2,1,1,1,4,5,2
spp61,Celtis_fluminensis,pioneer,0,0,0,0,0,0,3,3,0,0,0,0,0,3,0,1,0,0,0,0,0,0,0,0,0,0,0,0,0,0,0,0
spp62,Celtis_pubescens,pioneer,2,0,0,1,0,0,0,0,0,0,0,0,0,0,0,0,0,0,0,0,0,0,0,0,0,0,0,1,0,0,0,0
spp63,Centrolobium_tomentosum,nonpioneer_canopy,0,0,0,0,0,0,1,0,0,0,0,0,0,0,0,0,0,0,0,0,0,0,0,0,0,0,0,0,0,0,0,0
spp64,Cestrum_mariquitense,nonpioneer_understory,0,0,0,0,0,0,0,0,0,0,0,0,0,0,0,0,0,0,0,0,0,0,0,3,0,0,2,0,0,0,0,0
spp65,Chomelia_bella,nonpioneer_understory,0,0,0,3,0,2,0,0,0,0,1,0,0,1,1,0,0,0,0,0,0,0,0,0,0,0,0,0,0,0,0,0
spp66,Chomelia_obtusa,nonpioneer_understory,0,0,0,0,0,1,1,0,0,0,0,0,0,0,0,0,0,0,0,0,0,0,0,0,0,0,0,0,0,0,0,0
spp67,Chomelia_pohliana,nonpioneer_understory,0,0,0,0,0,0,0,0,0,0,0,0,0,0,0,0,3,0,0,0,0,0,0,0,0,0,0,0,0,0,0,0
spp68,Christiana_macrodon,pioneer,0,0,0,1,0,0,0,0,0,0,0,0,0,0,0,0,0,0,0,0,0,0,0,0,0,0,0,0,0,0,0,0
spp69,Chrysophyllum_gonocarpum,nonpioneer_canopy,0,0,0,0,0,0,1,0,0,1,0,0,0,2,0,1,0,26,0,0,0,0,0,0,0,0,0,0,0,0,0,0
spp70,Chrysophyllum_marginatum,nonpioneer_canopy,0,4,17,1,0,13,4,1,0,2,0,10,0,2,5,1,3,0,0,0,0,0,0,0,0,0,0,0,0,0,0,0
spp71,Citharexylum_myrianthum?,pioneer,0,0,0,0,0,0,0,0,0,0,0,0,0,0,0,0,0,0,1,0,0,0,0,1,6,0,0,1,6,4,1,0
spp72,Citronella_paniculata,nonpioneer_canopy,0,0,0,0,1,0,0,0,0,0,0,0,1,0,0,1,0,0,0,0,0,0,0,0,0,0,0,0,0,0,0,0
spp75,Clusia_criuva,nonpioneer_canopy,0,0,0,0,6,0,0,0,0,0,0,0,0,0,0,0,0,0,0,0,0,0,0,0,0,0,0,0,0,0,0,0
spp76,Colubrina_glandulosa,nonpioneer_canopy,0,0,0,0,0,0,0,0,0,0,1,0,0,0,0,1,0,0,1,1,0,0,2,7,2,5,3,14,2,5,0,0
spp77,Copaifera_langsdorffii,nonpioneer_canopy,0,12,3,7,0,3,6,0,11,5,1,1,4,0,8,0,0,1,0,0,0,0,0,0,0,0,0,0,0,0,0,0
spp79,Cordia_ecalyculata,nonpioneer_canopy,0,0,0,0,0,0,0,0,0,0,0,0,0,0,0,0,0,0,0,0,0,0,0,0,0,0,0,0,1,0,0,0
spp80,Cordia_sp.,UC,0,0,0,0,0,0,0,2,0,0,0,0,0,0,0,0,0,0,0,0,0,0,0,0,0,0,0,0,4,0,0,0
spp81,Cordia_superba,nonpioneer_canopy,0,0,0,0,0,0,0,0,0,0,0,0,0,0,0,0,0,0,0,0,0,0,0,0,0,0,1,0,3,0,0,22
spp82,Cordia_trichotoma,nonpioneer_canopy,0,0,0,0,0,0,1,0,0,0,0,0,0,0,0,0,0,0,0,0,0,0,0,0,0,0,0,3,0,0,0,0
spp83,Cordiera_myrciifolia,nonpioneer_understory,0,5,18,21,0,49,3,0,9,3,3,3,2,0,0,0,0,0,0,0,0,0,0,0,0,0,0,0,0,0,0,0
spp84,Coussarea_hydrangeifolia,nonpioneer_understory,10,0,2,5,0,0,1,0,1,0,0,0,0,0,2,0,0,0,0,0,0,0,0,0,0,0,0,0,0,0,0,0
spp85,Croton_floribundus,pioneer,0,0,0,0,0,0,0,0,0,1,0,0,11,13,0,0,0,0,0,2,0,0,0,2,0,2,10,1,1,0,13,2
spp86,Croton_piptocalyx,pioneer,0,0,0,0,0,0,0,0,0,0,9,0,19,11,1,11,0,5,0,0,0,0,0,0,0,0,0,0,0,0,0,2
spp87,Croton_rottlerifolius,nonpioneer_understory,0,0,0,0,0,0,0,0,0,0,0,0,2,0,0,0,0,0,0,0,0,0,0,0,0,0,0,0,0,0,0,0
spp88,Croton_urucurana,pioneer,2,0,0,0,0,0,0,0,0,0,0,0,0,0,0,0,1,0,30,25,23,24,1,2,2,17,12,19,17,10,6,3
spp89,Cryptocarya_aschersoniana,nonpioneer_canopy,0,0,0,0,0,0,0,0,0,1,0,0,0,0,0,0,0,0,0,0,0,0,0,0,0,0,0,0,0,0,0,0
spp90,Cryptocarya_sp.,UC,0,0,0,0,0,0,0,0,0,0,0,0,0,0,0,1,0,0,0,0,0,0,0,0,0,0,0,0,0,0,0,0
spp91,Cupania_vernalis,nonpioneer_canopy,0,3,0,0,0,0,4,0,0,4,0,1,1,0,1,0,0,0,0,0,0,0,0,0,0,0,0,0,0,0,0,0
spp93,Cybistax_antisyphilitica,nonpioneer_canopy,0,0,0,0,0,0,0,0,0,0,0,0,0,0,0,0,0,0,0,0,0,0,0,0,0,0,0,0,1,0,0,0
spp94,Dahlstedtia_floribunda,nonpioneer_understory,0,0,0,0,0,0,0,0,0,0,2,0,1,1,0,1,0,4,0,0,0,0,0,0,0,0,0,0,0,0,0,0
spp95,Dahlstedtia_muehlbergiana,nonpioneer_understory,0,0,0,0,0,0,0,0,0,0,1,0,0,0,0,0,0,0,1,0,0,0,0,0,0,1,0,0,0,0,0,0
spp96,Dalbergia_frutescens,pioneer,0,0,0,0,0,0,5,0,0,0,0,0,0,2,0,0,0,0,0,0,0,0,0,0,0,0,0,0,0,0,0,0
spp98,Dasyphyllum_brasiliense,pioneer,0,0,0,0,0,0,0,0,0,0,0,0,0,0,0,1,0,0,0,0,0,0,0,0,0,0,0,0,0,0,0,0
spp99,Dendropanax_cuneatus,nonpioneer_canopy,0,3,2,2,0,2,1,1,0,1,1,6,1,0,1,1,3,0,0,0,0,0,0,0,0,0,0,0,0,0,0,0
spp100,Dictyoloma_vandellianum,nonpioneer_canopy,0,0,0,0,0,0,0,0,0,0,0,0,0,0,0,0,0,0,0,0,0,0,0,2,0,0,0,0,0,0,3,0
spp101,Dilodendron_bipinnatum,pioneer,0,1,9,1,0,21,10,0,0,0,6,4,0,0,0,0,17,0,0,2,0,0,0,0,0,1,0,0,0,0,0,0
spp102,Dimorphandra_exaltata,nonpioneer_canopy,0,0,0,0,0,0,0,0,0,0,0,1,0,0,0,0,0,0,0,0,0,0,0,0,0,0,0,0,0,0,0,0
spp104,Diospyros_hispida,nonpioneer_canopy,0,0,0,0,0,0,0,0,0,0,0,6,0,0,0,0,0,0,0,0,0,0,0,0,0,0,0,0,0,0,0,0
spp105,Diospyros_inconstans,nonpioneer_canopy,0,0,0,0,0,0,2,0,0,0,0,0,0,0,0,0,0,0,0,0,0,0,0,0,0,0,0,0,0,0,0,0
spp106,Duguetia_lanceolata,nonpioneer_canopy,0,0,0,0,0,0,0,0,0,4,0,0,0,0,0,2,0,0,0,0,0,0,0,0,0,0,0,0,0,0,0,0
spp107,Endlicheria_paniculata,nonpioneer_understory,0,0,0,0,0,0,0,0,0,0,0,0,2,0,0,1,0,0,0,0,0,0,0,0,0,0,0,0,0,0,0,0
spp108,Enterolobium_contortisiliquum,pioneer,0,0,0,0,0,0,0,0,0,0,0,0,0,0,0,0,0,2,1,0,13,0,17,3,4,3,7,2,2,4,18,1
spp110,Erythrina_falcata,nonpioneer_canopy,0,0,0,0,0,0,0,0,0,0,0,0,0,0,0,0,0,0,0,0,0,0,0,0,1,0,0,0,0,0,0,0
spp112,Erythrina_verna,nonpioneer_canopy,0,0,0,0,0,0,0,0,0,0,0,0,0,0,0,0,0,0,0,0,0,0,0,0,0,0,0,0,0,0,2,0
spp113,Erythroxylum_deciduum,nonpioneer_understory,0,2,3,0,0,3,0,0,3,0,0,6,0,0,1,0,0,0,0,0,0,0,0,0,0,0,0,0,0,0,0,0
spp114,Erythroxylum_pelleterianum,nonpioneer_understory,6,2,2,5,0,0,0,1,0,0,0,1,0,0,0,0,2,0,0,0,0,0,0,0,0,0,0,0,0,0,0,0
spp115,Esenbeckia_leiocarpa,nonpioneer_canopy,0,0,0,0,0,0,0,0,0,0,1,0,1,0,0,0,0,0,0,0,0,0,0,0,0,1,0,1,0,0,0,0
spp117,Eugenia_florida,nonpioneer_understory,0,0,0,0,1,1,2,0,0,0,0,0,2,0,1,0,0,0,0,0,0,0,0,0,0,1,0,0,0,0,0,0
spp118,Eugenia_hiemalis,nonpioneer_understory,0,0,0,0,0,0,0,0,0,0,0,0,1,0,0,0,0,0,0,0,0,0,0,0,0,0,0,0,0,0,0,0
spp119,Eugenia_involucrata,nonpioneer_understory,0,0,0,0,0,0,0,0,0,0,0,0,2,0,0,0,0,0,0,0,0,0,0,0,0,0,0,0,0,0,0,0
spp120,Eugenia_ligustrina,nonpioneer_understory,0,0,0,1,0,1,0,0,0,0,1,0,0,1,0,4,0,0,0,0,0,0,0,0,0,0,0,0,0,0,0,0
spp121,Eugenia_pluriflora,nonpioneer_understory,0,0,0,0,0,0,0,0,0,0,0,0,0,0,0,0,0,0,0,0,0,0,0,0,0,0,0,3,0,0,0,0
spp122,Eugenia_sp.,UC,0,0,0,0,0,1,0,0,0,0,0,0,0,0,0,0,0,0,0,0,0,0,0,0,0,0,0,0,0,0,0,0
spp123,Eugenia_uniflora,nonpioneer_understory,0,0,0,0,0,0,0,0,0,0,0,0,0,0,0,0,0,0,0,1,0,1,0,0,1,0,0,0,0,0,0,0
spp124,Faramea_latifolia,nonpioneer_understory,0,0,0,0,0,0,0,0,0,1,0,0,0,0,0,0,0,0,0,0,0,0,0,0,0,0,0,0,0,0,0,0
spp125,Ficus_enormis,nonpioneer_canopy,0,0,0,0,0,0,0,0,0,0,0,0,0,0,0,0,0,0,0,0,0,0,0,0,1,0,0,0,0,0,0,0
spp126,Ficus_guaranitica,nonpioneer_canopy,3,0,0,0,0,1,0,1,0,0,0,0,1,0,0,0,0,0,0,0,0,0,0,0,0,0,0,1,1,0,0,0
spp128,Ficus_pertusa,nonpioneer_canopy,1,0,0,0,0,0,0,0,0,0,0,0,0,0,0,0,0,0,0,0,0,0,0,0,0,0,0,0,0,0,0,0
spp129,Ficus_sp.,UC,0,0,0,0,0,0,0,0,0,0,0,0,0,0,0,0,0,0,9,6,0,0,0,0,0,0,0,2,6,0,0,0
spp130,Galipea_jasminiflora,nonpioneer_understory,0,0,0,0,0,0,0,0,0,0,1,0,4,15,0,0,0,0,0,0,0,0,0,0,0,0,0,0,0,0,0,0
spp131,Geissanthus_ambiguus,nonpioneer_understory,0,0,2,0,0,5,2,0,0,0,0,0,1,0,0,0,0,0,0,0,0,0,0,0,0,0,0,0,0,0,0,0
spp132,Genipa_americana,nonpioneer_canopy,0,0,0,0,0,0,0,0,0,0,0,0,0,0,0,4,0,0,1,0,1,3,0,2,0,1,0,3,0,0,0,0
spp133,Guapira_hirsuta,nonpioneer_understory,0,2,0,3,0,0,0,0,0,0,0,0,0,0,1,0,0,0,0,0,0,0,0,0,0,0,0,0,0,0,0,0
spp135,Guapira_opposita,nonpioneer_understory,0,2,0,0,0,0,1,0,0,0,0,0,3,1,0,0,0,0,0,0,0,0,0,0,0,0,0,0,0,0,0,0
spp136,Guarea_guidonia,nonpioneer_canopy,15,17,2,0,0,4,10,1,0,4,4,0,3,1,19,2,15,42,0,0,0,1,0,0,0,2,0,0,0,0,0,0
spp137,Guarea_kunthiana,nonpioneer_canopy,1,0,1,0,0,0,0,0,0,0,10,0,0,1,0,12,1,1,0,0,0,0,0,0,0,0,0,0,0,0,0,0
spp138,Guarea_macrophylla,nonpioneer_canopy,3,2,0,0,3,0,0,1,1,0,2,0,0,0,2,1,0,0,0,0,0,0,0,0,0,0,0,0,0,0,0,1
spp139,Guarea_sp.,UC,0,0,0,0,0,0,0,0,0,0,0,0,0,1,0,0,0,0,0,0,0,0,0,0,0,2,0,0,0,0,0,0
spp140,Guazuma_ulmifolia,pioneer,0,0,3,0,0,4,3,1,0,0,0,2,0,0,1,1,0,0,0,0,0,2,0,1,7,0,2,9,3,0,6,0
spp141,Guettarda_pohliana,nonpioneer_understory,0,0,0,0,0,2,0,0,0,0,0,0,0,0,2,0,0,0,0,0,0,0,0,0,0,0,0,0,0,0,0,0
spp142,Guettarda_viburnoides,nonpioneer_understory,1,3,6,5,0,6,0,1,3,0,0,4,0,0,1,0,0,0,0,0,0,0,0,0,0,0,0,0,0,0,0,0
spp143,Gymnanthes_klotzschiana,nonpioneer_understory,0,0,0,0,0,0,2,0,0,0,0,0,0,0,0,0,0,0,0,0,0,0,0,0,0,0,0,0,0,0,0,0
spp144,Handroanthus_cf._umbellatus,nonpioneer_canopy,0,0,0,0,4,0,0,0,0,0,0,0,0,0,0,0,0,0,0,0,0,0,0,0,0,0,0,0,0,0,0,0
spp145,Handroanthus_chrysotrichus,nonpioneer_canopy,0,0,0,0,0,0,0,1,0,0,0,0,0,0,0,0,0,0,0,0,0,0,0,0,0,0,0,3,0,0,0,0
spp146,Handroanthus_heptaphyllus,nonpioneer_canopy,0,0,0,0,0,0,0,0,0,0,0,0,0,0,1,0,0,0,0,0,0,0,0,1,0,0,0,0,3,0,0,0
spp147,Handroanthus_impetiginosus,nonpioneer_canopy,0,0,0,0,0,0,0,0,0,1,0,1,0,0,0,0,0,0,0,1,0,0,0,2,1,1,0,0,0,2,1,0
spp148,Handroanthus_ochraceus,nonpioneer_canopy,0,1,0,0,0,0,0,0,0,0,1,0,0,0,1,0,0,0,0,0,0,0,1,0,0,0,0,0,0,0,1,0
spp149,Hedyosmum_brasiliense,nonpioneer_canopy,0,0,0,0,4,0,0,0,0,0,0,0,0,0,0,0,10,0,0,0,0,0,0,0,0,0,0,0,0,0,0,0
spp150,Helicteres_brevispira,pioneer,0,0,0,0,0,0,0,0,0,0,0,0,0,1,0,0,0,0,0,0,0,0,0,0,0,0,0,0,0,0,0,0
spp151,Heliocarpus_popayanensis,pioneer,0,0,0,0,0,0,0,1,0,0,0,0,0,0,0,0,0,0,6,1,6,8,4,6,6,10,5,2,6,0,10,0
spp153,Holocalyx_balansae,nonpioneer_canopy,0,0,0,0,0,0,0,0,0,0,1,0,0,0,0,2,0,0,0,0,0,0,0,0,0,0,0,0,0,0,0,0
spp155,Hymenaea_courbaril,nonpioneer_canopy,0,0,0,0,0,0,0,0,0,0,0,0,0,1,0,1,0,0,4,8,5,6,5,0,0,2,1,4,1,2,0,0
spp156,Ilex_affinis,nonpioneer_understory,0,0,0,0,19,0,0,0,0,0,0,0,0,0,0,0,0,0,0,0,0,0,0,0,0,0,0,0,0,0,0,0
spp157,Inga_cf._lanceifolia,nonpioneer_understory,0,0,0,0,0,0,0,0,0,0,0,0,0,0,0,0,0,3,0,0,0,0,0,0,0,0,0,0,0,0,0,0
spp158,Inga_marginata,pioneer,0,0,0,0,0,0,0,0,0,0,1,0,0,1,0,0,0,4,0,0,0,0,1,2,0,1,1,8,1,1,1,0
spp159,Inga_sessilis,nonpioneer_canopy,0,0,0,0,0,0,0,0,0,0,0,0,0,0,0,0,0,0,0,0,0,0,0,0,0,0,0,0,1,1,0,0
spp160,Inga_sp.,UC,0,0,0,0,0,0,0,0,0,0,0,0,0,0,0,0,0,1,0,0,0,0,0,0,0,0,0,0,0,0,0,0
spp161,Inga_striata,pioneer,0,0,0,0,0,0,0,0,0,0,2,0,1,0,1,0,0,1,0,0,0,0,0,0,0,0,0,0,0,0,0,0
spp162,Inga_vera,pioneer,0,0,0,0,0,0,0,0,0,0,0,0,0,0,3,0,0,0,9,17,7,7,0,3,11,0,3,0,3,3,7,0
spp163,Ixora_venulosa,nonpioneer_understory,0,0,0,0,0,0,0,0,0,5,0,0,1,0,0,2,0,0,0,0,0,0,0,0,0,0,0,0,0,0,0,0
spp164,Jacaranda_cuspidifolia,nonpioneer_canopy,0,0,0,0,0,0,0,0,0,0,0,2,0,0,0,0,0,0,0,0,0,0,0,2,0,1,0,0,0,0,0,1
spp165,Jacaratia_spinosa,pioneer,0,0,0,0,0,0,0,0,0,0,0,0,1,2,0,4,0,0,0,0,0,0,0,0,0,0,0,0,0,0,0,0
spp168,Lacistema_hasslerianum,nonpioneer_understory,2,4,1,3,0,0,0,3,0,12,3,0,0,0,0,0,0,0,0,0,0,0,0,0,0,0,0,0,0,0,0,0
spp170,Lafoensia_pacari,nonpioneer_canopy,0,0,0,0,0,1,0,0,0,0,0,0,0,0,0,0,0,2,0,6,0,3,0,10,12,1,1,2,4,0,1,0
spp171,Lamanonia_ternata,nonpioneer_canopy,0,1,0,0,0,0,0,0,0,0,0,0,0,0,0,0,0,0,0,0,0,0,0,0,0,0,0,0,0,0,0,0
spp172,Leandra_regnellii,nonpioneer_understory,0,0,0,0,0,0,0,0,0,1,0,0,0,0,0,0,0,0,0,0,0,0,0,0,0,0,0,0,0,0,0,0
spp175,Lithrea_molleoides,pioneer,0,0,4,0,0,0,0,4,14,0,0,18,0,0,10,0,1,0,0,0,0,1,0,0,0,0,0,0,1,0,0,2
spp176,Lonchocarpus_cultratus,nonpioneer_canopy,0,0,0,0,0,0,0,0,0,0,0,0,1,0,0,0,0,1,0,0,0,0,0,0,0,0,0,0,0,0,0,0
spp177,Luehea_candicans,nonpioneer_canopy,0,0,1,1,0,6,0,0,9,1,0,2,0,0,1,0,2,1,0,3,10,0,0,1,0,0,1,0,0,0,2,0
spp178,Luehea_divaricata,nonpioneer_canopy,0,0,0,0,0,0,0,0,0,0,0,1,0,0,14,1,0,2,0,0,1,0,0,0,0,0,0,0,0,0,0,0
spp179,Luehea_grandiflora,nonpioneer_canopy,0,1,0,0,0,0,0,0,0,4,0,1,0,0,0,0,0,0,0,0,0,0,0,0,0,0,0,0,0,0,2,0
spp180,Luehea_sp.,UC,0,0,0,0,0,0,0,0,0,0,0,0,0,0,0,0,0,0,0,1,0,0,0,0,0,0,0,0,0,0,0,0
spp181,Mabea_fistulifera,pioneer,0,0,0,0,0,0,0,0,0,0,0,0,0,0,0,0,0,0,0,0,0,0,0,0,0,0,1,0,0,0,0,0
spp182,Machaerium_acutifolium,nonpioneer_canopy,0,2,0,0,0,0,0,0,3,0,0,0,2,0,0,0,0,0,0,0,0,0,0,0,0,0,0,0,0,0,0,0
spp183,Machaerium_brasiliense,nonpioneer_canopy,0,0,0,0,0,0,2,0,0,0,2,0,0,2,0,0,0,0,0,0,4,0,0,0,0,0,0,0,0,0,0,0
spp184,Machaerium_hirtum,nonpioneer_canopy,0,0,0,2,0,5,4,6,2,0,0,1,0,0,2,0,0,0,0,0,0,1,0,0,0,0,0,0,0,0,0,0
spp185,Machaerium_nyctitans,nonpioneer_canopy,0,0,0,0,0,0,0,0,0,0,0,0,0,0,0,0,0,0,0,0,0,0,0,0,0,0,0,0,0,0,0,1
spp186,Machaerium_stipitatum,nonpioneer_canopy,1,0,0,0,0,0,0,1,0,0,1,0,0,0,0,0,0,0,0,0,0,0,0,0,0,0,0,1,2,0,0,0
spp187,Machaerium_villosum,nonpioneer_canopy,0,0,0,0,0,0,0,0,0,0,0,0,1,0,0,0,0,0,0,0,0,0,0,0,0,0,0,0,0,0,0,0
spp188,Maclura_tinctoria,nonpioneer_canopy,1,0,0,0,0,1,1,2,0,0,0,0,0,0,0,0,2,1,0,0,0,0,0,0,0,0,0,0,0,0,0,0
spp189,Magnolia_ovata,nonpioneer_canopy,0,0,0,0,36,0,0,0,0,0,0,0,0,0,0,0,22,0,0,0,0,0,0,0,0,0,0,0,0,0,0,0
spp190,Magonia_pubescens,nonpioneer_canopy,0,0,0,0,0,0,0,0,5,0,0,0,0,0,0,0,3,0,0,0,0,0,0,0,0,0,0,0,0,0,0,0
spp192,Margaritopsis_cephalantha,nonpioneer_understory,0,4,0,0,0,0,0,0,0,0,0,0,0,0,0,0,0,0,0,0,0,0,0,0,0,0,0,0,0,0,0,0
spp193,Matayba_elaeagnoides,nonpioneer_canopy,0,0,0,0,0,0,0,3,0,0,0,0,1,1,1,1,0,0,3,1,0,0,0,0,0,1,2,0,0,0,0,0
spp194,Maytenus_aquifolia,nonpioneer_understory,0,0,0,0,0,0,0,0,0,0,0,0,2,1,0,6,0,0,0,0,0,0,0,0,0,0,0,0,0,0,0,0
spp195,Maytenus_cf._cestrifolia,nonpioneer_understory,0,0,0,0,0,0,0,0,0,0,0,0,0,0,0,1,0,0,0,0,0,0,0,0,0,0,0,0,0,0,0,0
spp196,Maytenus_gonoclada,nonpioneer_understory,0,0,5,0,0,6,10,0,0,1,3,0,0,0,0,0,0,1,0,0,0,0,0,0,0,0,0,0,0,0,0,0
spp197,Maytenus_sp.,UC,0,0,0,0,0,0,0,2,0,0,0,1,0,0,0,0,2,0,0,0,0,0,0,1,0,0,0,0,0,0,0,0
spp199,Metrodorea_nigra,nonpioneer_understory,0,0,0,0,0,0,0,0,0,0,0,0,0,0,0,45,0,0,0,0,0,0,0,0,0,0,0,0,0,0,0,0
spp200,Miconia_calvescens,pioneer,0,0,0,0,0,0,0,0,0,0,0,0,0,0,2,0,8,0,0,0,0,0,0,0,0,0,0,0,0,0,0,0
spp201,Micrandra_elata,nonpioneer_canopy,0,0,0,0,0,0,0,0,0,0,1,0,0,0,0,0,0,0,0,0,0,0,0,0,0,0,0,0,0,0,0,0
spp202,Mimosa_bimucronata,pioneer,0,0,0,0,0,0,0,0,0,0,0,0,0,0,0,0,0,0,0,0,0,0,1,4,10,6,0,0,0,0,0,0
spp204,Mollinedia_widgrenii,nonpioneer_understory,0,0,0,0,0,0,0,0,0,0,0,0,2,1,0,7,0,0,0,0,0,0,0,0,0,0,0,0,0,0,0,0
spp205,Moquiniastrum_polymorphum,nonpioneer_canopy,0,0,0,0,0,0,0,0,0,0,0,0,0,0,0,0,0,0,0,0,0,0,1,0,0,0,0,0,0,0,0,0
spp208,Myracrodruon_urundeuva,nonpioneer_canopy,0,0,0,0,0,8,3,0,0,0,0,8,0,1,1,0,15,0,0,1,0,0,0,0,1,0,0,0,2,0,2,0
spp209,Myrcia_bella,nonpioneer_understory,0,0,0,5,0,0,0,0,0,0,0,0,0,0,1,0,0,0,0,0,0,0,0,0,0,0,0,0,0,0,0,0
spp210,Myrcia_tomentosa,nonpioneer_understory,1,5,7,4,0,3,1,1,6,0,0,4,0,0,2,0,0,0,0,0,0,0,0,0,0,0,0,0,0,0,0,0
spp211,Myrciaria_floribunda,nonpioneer_understory,0,0,0,0,0,0,0,0,0,1,0,0,0,0,0,0,0,0,0,0,0,0,0,0,0,0,0,0,0,0,0,0
spp212,Myroxylon_peruiferum,nonpioneer_canopy,0,0,0,0,0,0,0,0,0,0,0,0,1,0,0,4,0,1,0,2,7,2,17,0,1,0,0,0,0,0,0,0
spp213,Myrsine_coriacea,pioneer,0,0,0,0,0,0,0,1,0,0,0,0,0,0,0,0,0,0,3,1,0,0,0,0,0,0,0,0,0,0,0,0
spp214,Myrsine_gardneriana,nonpioneer_understory,0,0,0,0,33,0,0,0,0,0,0,0,0,0,0,2,0,0,0,0,0,0,0,0,0,0,0,0,0,0,0,0
spp216,Myrsine_sp.,UC,0,0,0,0,0,0,0,0,0,0,0,3,0,0,0,0,0,0,0,0,0,0,0,0,0,0,0,0,0,0,0,0
spp217,Myrsine_umbellata,nonpioneer_understory,5,6,12,2,3,0,0,0,6,2,0,5,0,0,1,0,0,0,0,9,11,13,0,1,1,5,4,3,2,0,0,8
spp218,Nectandra_cuspidata,nonpioneer_canopy,0,0,0,1,0,0,0,0,0,2,0,0,2,0,0,0,0,0,0,0,0,0,0,0,0,0,0,0,0,0,0,0
spp219,Nectandra_megapotamica,nonpioneer_canopy,0,0,0,1,0,0,0,0,0,0,0,0,4,0,0,8,0,0,0,0,0,0,0,0,0,0,0,3,0,0,0,0
spp220,Nectandra_oppositifolia,nonpioneer_canopy,0,0,0,0,0,0,0,0,0,1,0,0,1,0,0,0,0,0,0,0,0,0,0,0,0,0,0,0,0,0,0,0
spp221,Nectandra_sp.,UC,0,0,0,1,0,0,0,0,0,0,0,0,0,0,0,0,0,0,0,0,0,0,0,0,0,0,0,0,0,0,0,0
spp222,Ocotea_aciphylla,nonpioneer_canopy,0,0,0,0,0,0,0,0,0,1,0,0,0,0,0,0,0,0,0,0,0,0,0,0,0,0,0,0,0,0,0,0
spp223,Ocotea_corymbosa,nonpioneer_canopy,0,0,0,1,0,0,0,0,0,0,0,0,0,0,0,0,0,0,0,0,0,0,0,0,0,0,0,0,0,0,0,0
spp224,Ocotea_elegans,nonpioneer_canopy,1,0,0,0,0,0,0,0,0,0,0,0,0,0,0,0,0,0,0,0,0,0,0,0,0,0,0,0,0,0,0,0
spp225,Ocotea_indecora,nonpioneer_canopy,0,0,2,4,0,0,0,0,12,1,0,0,1,0,0,1,0,0,0,0,0,0,0,0,0,0,0,0,0,0,0,0
spp226,Ocotea_laxa,nonpioneer_understory,1,0,0,4,0,0,0,0,1,3,0,0,0,1,0,0,0,0,0,0,0,0,0,0,0,0,0,0,0,0,0,0
spp227,Ocotea_minarum,nonpioneer_canopy,1,1,0,1,0,1,1,0,0,1,0,0,0,0,2,0,0,0,0,0,0,0,0,0,0,0,0,0,0,0,0,0
spp228,Ocotea_odorifera,nonpioneer_canopy,1,0,0,0,0,0,0,0,0,0,0,0,0,0,0,0,0,0,0,0,0,0,0,0,0,0,0,0,0,0,0,0
spp229,Ocotea_puberula,nonpioneer_canopy,1,0,0,0,0,0,0,0,0,0,0,0,0,0,0,0,0,0,0,0,0,0,0,0,0,0,0,0,0,0,0,0
spp230,Ocotea_pulchella,nonpioneer_canopy,2,1,1,2,0,1,0,0,0,0,0,1,2,0,0,0,0,0,0,0,0,0,0,0,0,0,0,0,0,0,0,0
spp231,Ocotea_sp.,UC,0,0,0,1,0,0,0,0,0,0,0,0,0,0,1,0,0,0,0,0,0,0,0,0,0,0,0,0,0,0,0,0
spp232,Ocotea_velutina,nonpioneer_canopy,1,0,0,0,0,6,0,0,1,0,0,0,0,0,7,0,0,10,0,0,0,0,0,1,0,0,0,0,0,0,0,0
spp233,Ormosia_arborea,nonpioneer_canopy,0,0,0,0,0,1,1,0,1,0,0,0,1,0,0,0,0,0,0,0,0,0,0,0,0,0,0,1,2,0,0,0
spp234,Ouratea_castaneifolia,nonpioneer_canopy,0,0,0,0,0,0,0,0,0,1,0,1,1,0,0,0,1,0,0,0,0,0,0,0,0,0,0,0,0,0,0,0
spp236,Palicourea_macrobotrys,nonpioneer_understory,0,0,0,0,0,0,0,0,0,0,1,0,0,0,0,0,0,0,0,0,0,0,0,0,0,0,0,0,0,0,0,0
spp237,Parapiptadenia_rigida,pioneer,0,0,0,0,0,0,1,0,0,0,0,0,1,0,0,0,0,1,0,0,0,0,0,0,0,0,0,0,0,1,0,0
spp238,Peltophorum_dubium,pioneer,0,0,0,0,0,0,0,0,0,0,0,0,0,0,0,0,0,0,0,0,0,0,0,0,2,0,0,0,3,0,1,0
spp239,Pera_glabrata,pioneer,0,0,0,4,0,1,0,0,0,3,0,4,0,0,0,0,0,0,0,0,0,0,0,0,0,0,0,0,0,0,0,0
spp240,Persea_willdenovii,nonpioneer_canopy,0,0,0,0,0,0,0,0,0,0,0,0,0,0,0,0,0,0,0,0,0,0,0,1,0,0,0,0,0,0,0,0
spp241,Phyllanthus_acuminatus,nonpioneer_understory,0,0,0,0,0,0,0,0,0,0,0,0,0,0,0,0,0,1,0,0,0,0,0,0,0,0,0,0,0,0,0,0
spp242,Piper_amalago,nonpioneer_understory,0,0,0,0,0,1,5,4,0,0,2,0,2,0,0,1,0,1,0,0,0,0,0,0,0,0,0,0,0,0,0,0
spp243,Piper_arboreum,nonpioneer_understory,53,19,0,0,0,0,0,5,0,1,1,0,0,0,1,1,7,3,0,0,0,0,0,0,0,0,0,0,0,0,0,2
spp244,Piper_gaudichaudianum,nonpioneer_understory,3,0,0,0,0,0,2,1,0,0,0,0,0,0,2,2,2,0,0,0,0,0,0,0,0,14,0,0,0,1,0,0
spp245,Piper_mollicomum,nonpioneer_understory,2,0,0,0,0,0,0,0,0,0,0,0,0,0,0,0,0,0,0,0,0,0,0,0,0,0,0,0,0,0,0,0
spp246,Piper_sp.,UC,0,0,0,0,0,0,0,0,0,0,0,0,0,0,0,0,0,1,0,0,0,0,0,0,0,0,0,0,0,0,0,0
spp247,Piptadenia_gonoacantha,nonpioneer_canopy,0,1,0,0,0,0,16,0,0,1,0,0,0,0,0,0,0,0,0,0,0,0,0,0,0,0,4,0,0,0,2,1
spp248,Plathymenia_reticulata,nonpioneer_canopy,0,1,1,0,0,0,0,0,0,0,0,0,0,0,0,0,0,0,0,0,0,0,0,0,0,0,0,0,0,0,0,0
spp249,Platycyamus_regnellii,nonpioneer_canopy,0,0,0,0,0,0,0,0,0,0,0,0,0,2,0,1,0,0,0,0,0,0,0,0,0,0,0,0,0,0,0,0
spp250,Platypodium_elegans,nonpioneer_canopy,0,17,6,5,0,0,0,1,57,4,2,17,5,0,13,0,1,0,2,0,2,0,0,0,0,0,0,0,1,2,0,0
spp251,Plenckia_populnea,nonpioneer_canopy,0,0,0,0,0,0,0,0,0,0,0,0,0,0,1,0,0,0,0,0,0,0,0,0,0,0,0,0,0,0,0,0
spp252,Plinia_rivularis,nonpioneer_understory,0,0,0,0,0,0,0,0,0,0,0,0,3,2,0,12,0,3,0,0,0,0,0,0,0,0,0,0,0,0,0,0
spp254,Pouteria_gardneri,nonpioneer_canopy,0,0,0,0,0,0,0,0,0,0,0,0,0,0,0,6,0,0,0,0,0,0,0,0,0,0,0,0,0,0,0,0
spp255,Prockia_crucis,nonpioneer_understory,0,1,0,0,0,0,0,0,0,0,0,0,0,1,0,0,0,0,0,0,0,0,0,0,0,0,0,0,0,0,0,0
spp256,Protium_heptaphyllum,nonpioneer_canopy,0,10,10,11,2,16,0,0,9,16,3,0,6,0,1,3,10,1,0,0,0,0,0,0,0,0,0,0,0,0,0,0
spp257,Prunus_myrtifolia,nonpioneer_canopy,0,1,0,0,0,1,0,0,0,3,0,0,1,0,0,0,0,0,0,0,0,0,0,0,0,0,0,0,0,0,0,0
spp258,Pseudobombax_grandiflorum,nonpioneer_canopy,0,0,0,1,0,0,0,0,0,0,1,0,0,0,0,0,0,0,0,0,0,0,0,0,0,0,0,0,0,0,0,0
spp259,Pseudolmedia_laevigata,nonpioneer_canopy,0,0,0,0,0,0,0,0,0,0,0,0,0,0,0,0,2,0,0,0,0,0,0,0,0,0,0,0,0,0,0,0
spp261,Psidium_cattleianum,nonpioneer_understory,0,0,0,0,0,0,0,0,0,0,0,0,0,0,0,0,0,0,0,0,0,0,0,0,0,0,0,1,0,0,0,0
spp263,Psychotria_carthagenensis,nonpioneer_understory,4,26,1,1,0,0,0,0,1,0,0,0,0,0,0,0,0,0,0,0,0,0,0,0,0,1,0,1,1,0,0,0
spp264,Psychotria_mapourioides,nonpioneer_canopy,0,1,0,0,0,0,0,0,0,0,0,0,0,0,0,0,0,0,0,0,0,0,0,0,0,0,0,0,0,0,0,0
spp265,Pterocarpus_rohrii,nonpioneer_canopy,0,0,0,0,0,1,0,0,0,0,1,0,0,0,0,0,0,0,0,0,1,0,0,0,0,0,0,0,0,0,0,0
spp266,Pterogyne_nitens,nonpioneer_canopy,0,0,0,1,0,0,0,0,0,0,0,0,0,0,0,0,0,0,0,0,0,0,0,0,1,0,0,1,4,1,1,0
spp270,Randia_armata,nonpioneer_understory,0,0,0,1,0,0,0,2,0,0,0,0,0,0,0,0,0,0,0,0,0,0,0,0,0,0,0,0,0,0,0,0
spp271,Rhamnidium_elaeocarpum,nonpioneer_canopy,1,1,6,0,0,2,4,9,1,0,0,2,0,0,2,0,1,2,0,0,0,0,0,0,0,0,0,0,0,0,0,0
spp272,Roupala_montana,nonpioneer_canopy,0,0,1,0,0,0,1,0,7,0,0,2,0,0,1,0,0,0,0,0,0,0,0,0,0,0,0,0,0,0,0,0
spp273,Rudgea_jasminoides,nonpioneer_understory,0,0,0,0,0,0,0,0,0,1,0,0,0,0,0,0,0,0,0,0,0,0,0,0,0,0,0,0,0,0,0,0
spp276,Sapium_glandulosum,nonpioneer_canopy,0,0,0,0,1,0,0,0,0,0,0,0,0,1,0,1,0,0,0,0,0,0,0,0,0,0,0,0,0,0,0,0
spp277,Schefflera_morototoni,pioneer,1,14,1,1,0,1,0,2,5,4,4,0,0,0,0,0,0,0,0,0,0,0,0,0,0,0,0,0,0,0,0,0
spp278,Schefflera_sp.,UC,0,0,0,0,0,0,0,0,0,0,0,0,0,0,0,0,0,0,0,0,0,0,0,0,0,0,0,0,0,1,0,0
spp280,Schinus_terebinthifolius,pioneer,0,0,0,0,0,0,0,0,0,0,0,0,0,0,0,0,0,0,13,22,13,8,0,3,15,17,0,13,16,16,0,4
spp281,Schizolobium_parahyba,pioneer,0,0,0,0,0,0,0,0,0,0,0,0,0,0,0,0,0,0,1,0,0,0,0,0,0,8,0,0,0,0,0,0
spp282,Sebastiania_brasiliensis,nonpioneer_understory,0,0,1,0,4,2,0,0,1,0,0,0,0,0,0,0,0,0,0,0,0,0,0,0,0,0,0,0,0,0,0,0
spp283,Seguieria_langsdorffii,nonpioneer_canopy,0,0,0,0,0,0,0,0,0,0,0,0,0,0,0,0,0,0,0,0,0,0,0,0,0,0,0,0,2,0,0,0
spp284,Senegalia_lowei,pioneer,0,0,0,0,0,0,0,0,0,0,0,0,0,4,0,0,0,0,0,0,0,0,0,0,0,0,0,0,0,0,0,0
spp285,Senegalia_polyphylla,pioneer,2,1,2,11,0,0,12,7,2,0,1,5,3,8,0,1,0,1,3,4,0,0,24,5,1,0,2,1,0,0,0,0
spp286,Senegalia_tenuifolia,pioneer,0,0,0,0,0,0,1,0,0,0,0,0,0,0,0,0,0,0,0,0,0,0,0,0,0,0,0,0,0,0,0,0
spp287,Senna_alata,pioneer,0,0,0,0,0,0,0,0,0,0,0,0,0,0,0,0,0,0,0,0,0,5,0,1,0,0,1,0,0,0,7,0
spp288,Senna_macranthera,pioneer,0,0,0,0,0,0,0,0,0,0,0,0,0,0,0,0,0,0,2,0,0,0,0,1,0,0,1,3,0,0,0,0
spp289,Senna_macrophylla,pioneer,0,0,0,0,0,0,0,0,0,0,0,0,0,0,0,0,0,0,0,0,0,0,0,0,0,0,0,2,0,0,0,0
spp290,Senna_multijuga,pioneer,0,0,0,0,0,0,0,0,0,0,0,0,0,0,0,0,0,0,0,2,0,0,0,3,2,4,8,8,4,0,0,0
spp291,Simira_sampaioana,nonpioneer_canopy,0,0,0,0,0,0,0,0,0,0,0,1,1,0,0,0,0,0,0,0,0,0,0,0,0,0,0,0,0,0,0,0
spp292,Siparuna_bifida,nonpioneer_understory,0,0,0,0,0,0,0,0,0,0,3,0,0,0,0,8,0,0,0,0,0,0,0,0,0,0,0,0,0,0,0,0
spp293,Siparuna_guianensis,nonpioneer_understory,22,3,0,14,0,0,3,29,0,22,0,0,0,0,5,1,1,0,0,0,0,0,0,0,0,0,0,0,0,0,0,0
spp294,Solanum_granulosoleprosum,pioneer,0,0,0,0,0,0,0,0,0,0,0,0,0,0,0,0,1,0,0,0,0,0,0,0,0,0,4,1,5,0,0,0
spp295,Solanum_mauritianum,pioneer,0,0,0,0,0,0,0,0,0,0,0,0,0,0,0,0,0,0,0,6,2,2,11,1,0,3,29,9,1,16,10,0
spp296,Solanum_paniculatum,pioneer,0,0,0,0,0,0,0,0,0,0,0,0,0,0,0,0,0,0,0,0,0,1,0,0,0,0,1,0,2,0,0,0
spp297,Solanum_pseudocapsicum,pioneer,0,0,0,0,0,0,0,0,0,0,0,0,0,0,0,0,0,0,0,0,0,0,0,0,0,0,0,0,2,0,0,0
spp298,Solanum_pseudoquina,pioneer,0,0,0,0,0,0,0,0,0,0,0,0,0,0,0,0,0,0,0,0,0,0,0,1,0,0,0,0,0,0,0,0
spp301,Styrax_acuminatus,nonpioneer_canopy,0,0,0,1,0,0,0,0,0,0,0,0,0,0,0,0,0,0,0,0,0,0,0,0,0,0,0,0,0,0,0,0
spp302,Styrax_camporum,nonpioneer_understory,0,1,8,1,7,1,0,0,3,0,0,0,0,0,2,0,0,0,0,0,0,0,0,0,0,0,0,0,0,0,0,0
spp303,Styrax_pohlii,nonpioneer_understory,0,0,10,1,30,0,1,0,0,0,0,0,0,0,3,0,0,0,0,0,0,0,0,0,0,0,0,0,0,0,0,0
spp304,Styrax_sieberi,nonpioneer_understory,0,0,0,0,0,0,0,0,0,1,1,0,0,0,0,1,0,0,0,0,0,0,0,0,0,0,0,0,0,0,0,0
spp305,Sweetia_fruticosa,nonpioneer_canopy,0,0,0,0,0,1,2,0,0,0,1,0,0,0,0,0,0,0,0,0,0,0,0,0,0,0,0,0,1,0,0,0
spp306,Symplocos_pubescens,nonpioneer_canopy,0,0,0,0,0,0,0,0,0,0,0,0,1,0,0,0,0,0,0,0,0,0,0,0,0,0,0,0,0,0,0,0
spp307,Symplocos_sp.,UC,0,0,0,0,0,0,0,0,0,0,0,0,0,0,0,1,0,0,0,0,0,0,0,0,0,0,0,0,0,0,0,0
spp309,Tabebuia_insignis,nonpioneer_canopy,0,0,0,0,0,0,0,0,1,0,0,0,0,0,0,0,0,0,0,0,0,0,0,0,0,0,0,0,0,0,0,0
spp310,Tabebuia_roseoalba,nonpioneer_canopy,0,1,13,0,0,3,11,0,0,0,2,15,0,0,0,0,0,0,0,0,0,0,1,0,1,0,0,0,0,0,0,0
spp311,Tabernaemontana_sp.,UC,0,0,0,0,0,0,0,0,0,0,0,0,0,0,0,0,0,0,1,0,0,0,0,0,0,0,0,0,0,0,0,0
spp312,Tapirira_guianensis,pioneer,13,14,29,4,60,6,3,14,13,7,0,33,2,0,8,3,21,0,0,0,0,0,0,0,0,0,1,0,0,0,3,0
spp313,Tapirira_obtusa,pioneer,0,0,0,0,0,0,0,0,0,1,0,0,1,0,0,0,0,0,0,0,0,0,0,0,0,0,0,0,0,0,0,0
spp315,Terminalia_argentea,nonpioneer_canopy,0,0,0,0,0,0,0,0,0,1,0,0,0,0,0,0,1,0,0,0,0,0,0,0,0,0,0,0,0,0,0,0
spp316,Terminalia_glabrescens,nonpioneer_canopy,0,1,0,0,0,6,3,0,0,2,3,0,1,0,0,0,0,0,0,0,0,0,0,0,0,0,0,0,0,0,0,0
spp317,Tetrorchidium_rubrivenium,nonpioneer_canopy,0,0,0,0,0,0,0,0,0,0,0,0,0,0,0,3,0,0,0,0,0,0,0,0,0,0,0,0,0,0,0,0
spp318,Tibouchina_sp.,UC,0,0,0,0,0,0,0,0,0,0,0,0,0,0,0,0,0,0,0,0,0,0,0,1,0,0,0,0,0,0,0,0
spp319,Tibouchina_stenocarpa,pioneer,0,0,0,0,0,0,0,0,0,0,0,0,0,0,0,0,0,0,0,0,0,0,0,0,0,0,0,0,0,1,0,0
spp320,Trema_micrantha,pioneer,0,0,0,0,0,0,0,0,0,0,0,0,0,0,9,0,0,0,0,2,0,1,0,6,0,0,3,0,7,1,0,11
spp321,Trichilia_casaretti,nonpioneer_understory,0,0,0,0,0,4,0,8,0,0,0,0,0,0,0,0,0,0,0,0,0,0,0,0,0,0,0,0,0,0,0,0
spp322,Trichilia_catigua,nonpioneer_understory,0,0,1,0,0,0,0,1,0,0,15,0,6,0,0,2,3,0,0,0,0,0,0,0,0,0,0,0,0,0,0,0
spp323,Trichilia_clausseni,nonpioneer_understory,0,0,0,0,0,0,0,0,0,0,0,0,6,0,9,7,0,0,0,0,0,0,0,0,0,0,0,0,0,0,0,0
spp324,Trichilia_elegans,nonpioneer_understory,7,2,6,0,0,8,17,0,0,0,3,1,3,1,7,0,0,15,0,0,0,0,0,0,0,0,0,0,0,0,0,0
spp325,Trichilia_pallida,nonpioneer_understory,4,16,7,0,0,3,5,0,1,1,2,0,5,6,2,0,0,1,0,0,0,0,0,0,0,0,0,0,0,0,0,0
spp326,Triplaris_americana,pioneer,0,0,0,0,0,0,0,0,0,0,0,0,0,0,0,0,0,0,0,4,0,0,0,2,11,0,0,1,2,0,1,0
spp327,Urera_baccifera,pioneer,1,0,0,0,0,0,0,0,0,0,9,0,23,19,0,5,0,0,0,0,0,0,0,0,0,0,0,0,0,0,0,0
spp328,Vernonanthura_sp.,UC,0,0,0,0,0,0,0,0,0,1,0,0,0,0,0,0,0,0,0,0,0,0,0,0,0,0,0,0,0,0,0,0
spp329,Virola_sebifera,pioneer,3,8,0,15,0,0,0,1,2,15,0,0,5,0,5,0,0,2,0,0,0,0,0,0,0,0,0,0,0,0,0,0
spp330,Vitex_polygama,nonpioneer_canopy,0,0,0,0,0,0,0,0,0,1,0,0,0,0,0,0,0,0,0,0,0,0,0,0,0,0,0,0,0,0,0,0
spp331,Vochysia_tucanorum,nonpioneer_canopy,1,1,4,0,0,0,0,0,1,0,0,2,0,0,0,0,0,0,0,0,4,3,0,0,0,0,0,0,0,0,0,0
spp332,Xylopia_aromatica,nonpioneer_canopy,0,7,0,15,0,0,1,13,27,0,0,1,0,0,1,0,0,0,0,0,0,0,0,0,0,0,0,0,0,0,0,0
spp333,Xylopia_brasiliensis,nonpioneer_canopy,0,0,0,0,0,0,0,0,0,0,0,0,0,0,0,0,1,0,0,0,0,0,0,0,0,0,0,0,0,0,0,0
spp334,Xylopia_emarginata,nonpioneer_canopy,0,0,0,0,54,0,0,0,0,0,0,0,0,0,0,0,0,0,0,0,0,0,0,0,0,0,0,0,0,0,0,0
spp335,Xylopia_sericea,nonpioneer_canopy,0,0,0,0,0,0,0,0,0,5,0,0,0,0,0,0,0,0,0,0,0,0,0,0,0,0,0,0,0,0,0,0
spp336,Xylosma_venosa,nonpioneer_understory,0,0,0,0,0,2,0,0,0,0,0,0,0,0,0,0,0,0,0,0,0,0,0,0,0,0,0,0,0,0,0,0
spp337,Zanthoxylum_acuminatum,nonpioneer_canopy,1,0,0,0,0,0,3,1,1,0,0,0,0,0,0,1,0,0,0,0,0,0,0,0,0,0,0,0,0,0,0,0
spp338,Zanthoxylum_caribaeum,nonpioneer_canopy,0,0,0,0,0,0,1,0,0,0,0,0,0,0,0,0,0,0,0,0,0,0,0,0,0,0,0,0,0,0,0,0
spp339,Zanthoxylum_petiolare,nonpioneer_canopy,0,0,0,0,0,0,0,0,0,0,0,0,0,0,0,1,0,0,0,0,0,0,0,0,0,0,0,0,0,0,0,0
spp340,Zanthoxylum_rhoifolium,pioneer,0,1,0,1,0,0,0,0,0,0,0,1,0,0,0,1,1,0,0,0,0,0,0,0,0,0,0,0,0,0,0,0
spp341,Zanthoxylum_riedelianum,nonpioneer_canopy,0,0,0,0,0,0,0,0,0,0,0,3,0,0,0,0,0,0,0,0,0,0,0,0,0,0,0,0,0,0,0,0
spp342,Zanthoxylum_sp.,UC,0,0,0,0,0,0,0,0,0,0,3,0,1,0,0,0,0,0,0,0,0,0,0,0,0,0,0,0,0,0,0,0
