spp,species_regen,ecological_successional,F1,F2,F3,F4,F5,F6,F7,F8,F9,F10,F11,F12,F13,F14,F15,F16ANA,F16DE,F17,R1,R2,R3,R4,R5,R6,R7,R8,R9,R10,R11,R12,R13,R14
spp1,Actinostemon_concepcionis,nonpioneer_understory,0,0,0,0,0,0,0,0,0,0,10,1,0,0,0,0,0,0,0,0,0,0,0,0,0,0,0,0,0,0,0,0
spp2,Aegiphila_integrifolia,pioneer,1,0,6,0,0,0,0,0,0,0,0,2,0,0,0,0,0,0,0,0,0,0,0,0,0,3,1,0,0,1,0,0
spp3,Aegiphila_sp.,UC,0,0,0,0,0,0,0,0,0,0,0,0,0,0,0,0,0,0,0,0,1,0,0,0,0,0,0,0,0,0,0,0
spp4,Albizia_niopoides,nonpioneer_canopy,0,0,0,0,0,0,0,0,0,0,8,0,0,0,0,0,0,0,0,0,1,0,0,0,0,0,0,0,0,0,0,0
spp5,Albizia_polycephala,nonpioneer_canopy,0,0,0,0,0,0,0,0,0,1,16,0,3,0,0,0,0,0,0,0,0,0,0,0,0,0,0,0,0,0,0,2
spp6,Alchornea_glandulosa,pioneer,1,3,0,0,0,1,0,0,0,0,0,0,0,0,2,0,0,0,0,0,0,11,0,0,0,3,0,7,0,0,0,0
spp7,Allophylus_edulis,nonpioneer_canopy,6,4,11,0,0,25,0,2,28,0,0,6,0,0,6,1,0,0,0,0,0,0,0,0,0,3,0,0,0,0,0,0
spp8,Allophylus_racemosus,nonpioneer_canopy,0,0,0,0,0,0,0,0,0,0,6,0,4,3,0,1,0,1,0,0,0,0,0,0,0,0,0,0,0,0,0,0
spp9,Aloysia_virgata,pioneer,0,0,1,0,0,0,5,1,1,0,2,0,0,0,1,0,0,0,0,0,0,0,0,0,0,6,2,0,0,0,0,0
spp10,Amaioua_intermedia,nonpioneer_understory,0,0,0,0,0,0,0,0,0,2,1,0,0,0,0,0,0,0,0,0,0,0,0,0,0,0,0,0,0,0,0,0
spp11,Anadenanthera_colubrina,nonpioneer_canopy,0,0,0,4,0,1,1,0,0,21,1,0,0,0,5,0,3,1,0,0,0,0,0,0,0,0,0,0,0,0,0,0
spp12,Anadenanthera_peregrina,nonpioneer_canopy,0,1,0,1,0,1,2,12,11,0,0,0,0,0,0,0,0,0,0,1,0,0,0,0,0,0,5,0,0,0,0,0
spp13,Andira_fraxinifolia,nonpioneer_canopy,0,0,0,0,0,0,0,0,0,0,0,0,2,0,1,1,0,0,0,0,0,0,0,0,0,0,0,0,1,0,0,0
spp15,Annona_emarginata,nonpioneer_canopy,0,0,0,0,19,0,0,0,0,0,0,18,0,0,5,0,0,0,0,0,0,0,0,0,0,0,0,0,0,0,0,0
spp16,Annona_sp.,UC,1,0,0,0,0,0,0,0,0,0,0,0,0,0,0,0,0,0,0,0,0,0,0,0,0,0,0,0,0,0,0,0
spp17,Annona_sylvatica,nonpioneer_canopy,0,0,0,0,0,5,0,0,4,23,6,4,2,1,0,4,0,1,0,0,0,0,0,0,0,0,0,0,0,0,0,0
spp18,Aralia_excelsa,nonpioneer_canopy,0,0,0,0,0,0,0,0,1,0,0,0,1,0,0,0,0,0,0,0,0,0,0,0,0,0,0,0,0,0,0,0
spp19,Aspidosperma_cylindrocarpon,nonpioneer_canopy,0,0,0,0,0,0,0,0,0,1,3,0,0,0,0,0,0,0,0,0,0,0,0,0,0,0,0,0,0,0,0,0
spp20,Aspidosperma_discolor,nonpioneer_canopy,0,0,0,2,0,0,0,0,0,0,1,1,1,0,0,0,0,0,0,0,0,0,0,0,0,0,0,0,0,0,0,0
spp21,Aspidosperma_parvifolium,nonpioneer_canopy,0,0,0,0,0,7,0,0,0,0,0,0,0,0,0,0,0,0,0,0,0,0,0,0,0,0,0,0,0,0,0,0
spp22,Aspidosperma_polyneuron,nonpioneer_canopy,0,0,0,0,0,0,0,0,0,0,3,0,6,1,0,6,0,0,0,0,0,0,0,0,0,0,1,0,0,0,0,0
spp23,Aspidosperma_subincanum,nonpioneer_canopy,0,0,0,0,0,1,2,0,1,0,1,2,1,0,0,0,0,0,0,0,0,0,0,0,0,0,0,0,0,0,0,0
spp24,Astronium_fraxinifolium,nonpioneer_canopy,0,0,0,0,0,0,1,0,8,0,0,6,0,0,0,0,0,0,0,0,0,3,0,0,0,0,0,0,0,0,0,0
spp25,Astronium_graveolens,nonpioneer_canopy,0,0,1,0,0,0,0,0,0,0,28,3,0,0,0,16,0,0,0,1,0,0,0,0,0,0,0,0,0,0,0,0
spp26,Baccharis_dracunculifolia,pioneer,0,0,0,0,0,0,0,0,0,0,0,0,0,0,0,0,0,0,0,0,1,0,4,83,1,0,1,1,1,2,0,0
spp27,Baccharis_punctulata,pioneer,0,0,0,0,0,0,0,0,0,0,0,0,0,0,0,0,0,0,0,0,0,0,0,0,0,0,0,0,0,12,0,0
spp28,Baccharis_sp.,UC,0,0,0,0,0,0,0,0,0,0,0,0,0,0,0,0,0,0,0,0,0,0,0,1,0,0,0,0,0,1,0,0
spp29,Balfourodendron_riedelianum,nonpioneer_canopy,0,0,0,0,0,0,0,0,0,0,0,0,0,0,0,0,0,0,2,0,0,0,0,0,0,0,0,0,0,0,0,0
spp30,Bastardiopsis_densiflora,pioneer,0,0,0,0,0,0,0,0,0,0,4,0,0,0,0,0,0,0,0,0,0,0,0,0,0,0,0,0,0,0,0,0
spp31,Bauhinia_forficata,pioneer,0,0,0,0,0,0,0,0,0,0,0,0,0,0,0,0,0,0,0,0,1,9,0,8,1,1,0,32,0,20,693,0
spp33,Bauhinia_longifolia,pioneer,2,6,1,0,0,2,2,2,17,33,1,28,6,0,2,0,31,0,0,0,0,0,0,0,0,0,0,0,0,0,0,11
spp34,Bixa_orellana,pioneer,0,0,0,0,0,0,0,0,0,0,0,0,0,0,0,0,0,0,0,0,0,4,0,0,0,4,0,0,0,0,0,0
spp35,Bredemeyera_floribunda,nonpioneer_understory,0,0,0,0,0,0,0,0,0,2,0,0,0,0,0,0,0,0,0,0,0,0,0,0,0,0,0,0,0,0,0,0
spp37,Bunchosia_pallescens,pioneer,0,0,0,0,0,0,0,0,0,0,1,0,0,0,0,0,0,0,0,0,0,0,0,0,0,0,0,0,0,0,0,0
spp38,Byrsonima_cf._ligustrifolia,nonpioneer_understory,0,0,0,0,5,0,0,0,0,0,0,0,0,0,0,0,0,0,0,0,0,0,0,0,0,0,0,0,0,0,0,0
spp40,Cabralea_canjerana,nonpioneer_canopy,0,0,0,0,0,0,0,0,0,3,0,0,0,0,0,0,0,0,0,0,0,0,0,0,0,0,0,0,0,0,0,0
spp42,Callianthe_fluviatilis,pioneer,0,0,0,0,0,0,0,0,0,0,0,0,0,48,0,1,0,0,0,0,0,0,0,0,0,0,0,0,0,0,0,0
spp43,Calophyllum_brasiliense,nonpioneer_canopy,5,0,0,1,120,1,1,1,0,5,0,0,0,0,0,1,41,2,0,0,0,0,0,0,0,0,1,0,0,2,0,0
spp44,Calyptranthes_lucida,nonpioneer_understory,0,0,0,0,0,0,0,0,0,0,0,0,0,0,0,12,0,0,0,0,0,0,0,0,0,0,0,0,0,0,0,0
spp45,Campomanesia_guazumifolia,nonpioneer_canopy,0,0,0,0,0,0,0,0,0,0,0,3,0,0,2,1,0,3,0,0,0,0,0,0,0,0,0,0,0,0,0,0
spp46,Campomanesia_pubescens,nonpioneer_canopy,0,0,0,0,0,0,0,3,12,0,0,4,0,0,0,0,0,0,0,0,0,0,0,0,0,0,0,0,0,0,0,0
spp47,Cariniana_estrellensis,nonpioneer_canopy,0,0,0,0,0,0,0,0,0,0,4,0,2,0,0,3,0,3,0,0,0,0,0,0,0,0,0,0,0,0,0,0
spp48,Cariniana_legalis,nonpioneer_canopy,0,0,0,0,0,1,0,0,0,0,0,0,0,0,0,0,0,0,0,0,0,0,0,1,1,0,0,0,0,0,0,0
spp49,Casearia_decandra,nonpioneer_canopy,0,0,0,0,0,0,0,1,0,7,1,0,0,0,0,0,0,0,0,0,0,0,0,0,0,0,0,0,0,0,0,0
spp50,Casearia_gossypiosperma,nonpioneer_canopy,0,0,0,0,0,1,0,0,0,0,10,0,0,0,2,0,0,2,0,0,0,0,0,0,0,0,0,0,4,0,0,0
spp51,Casearia_obliqua,nonpioneer_canopy,0,0,0,0,0,0,0,0,0,1,0,0,0,0,0,0,0,0,0,0,0,0,0,0,0,0,0,0,0,0,0,0
spp52,Casearia_rupestris,nonpioneer_understory,0,0,1,0,0,0,1,1,0,0,0,2,0,0,0,0,7,1,0,0,0,0,0,0,0,0,1,0,0,0,0,0
spp53,Casearia_sp.,UC,0,0,6,0,0,0,0,1,0,0,0,0,0,0,0,0,0,0,0,0,0,0,0,0,0,0,0,0,0,0,0,0
spp54,Casearia_sylvestris,pioneer,0,7,0,15,0,3,7,8,5,2,2,1,2,1,1,1,1,0,0,0,0,0,0,0,0,0,0,1,0,0,0,0
spp55,Cecropia_pachystachya,pioneer,0,0,0,0,1,1,0,0,1,1,0,1,0,0,2,1,7,0,2,4,1,0,3,3,33,4,0,0,3,4,1,0
spp56,Cedrela_fissilis,nonpioneer_canopy,0,0,0,0,0,0,0,0,0,4,2,0,0,0,0,0,0,0,0,0,1,0,0,0,0,0,0,0,0,0,0,0
spp57,Cedrela_odorata,nonpioneer_canopy,0,0,0,0,2,0,0,0,0,0,0,0,0,0,0,0,0,0,0,0,0,0,0,0,0,0,0,0,0,0,0,0
spp58,Ceiba_speciosa,nonpioneer_canopy,0,0,0,0,0,0,0,1,0,0,0,0,1,0,0,1,0,0,0,0,0,0,1,1,0,1,0,0,0,0,1,0
spp59,Celtis_fluminensis,pioneer,1,3,1,0,0,4,2,26,1,3,3,4,0,4,3,0,0,1,0,0,0,0,0,0,0,0,0,0,0,0,0,0
spp60,Celtis_iguanaea,pioneer,0,0,0,0,0,4,0,0,0,0,0,0,0,0,0,0,0,0,0,0,0,0,0,0,0,0,0,0,0,0,0,0
spp61,Celtis_spinosa,pioneer,0,0,0,0,0,0,0,0,0,0,0,0,0,0,0,0,1,0,0,0,0,0,0,0,0,0,0,0,0,0,0,0
spp62,Centrolobium_tomentosum,nonpioneer_canopy,0,0,0,0,0,0,2,0,0,0,0,0,1,0,0,0,0,0,0,0,0,0,0,0,0,0,0,0,0,0,0,0
spp63,Cestrum_axillare,nonpioneer_understory,0,0,0,0,0,0,0,0,0,0,0,0,0,0,0,0,4,0,0,0,0,0,0,0,0,0,0,0,0,0,0,0
spp64,Cestrum_mariquitense,nonpioneer_understory,0,8,1,12,4,4,0,3,26,6,0,2,1,0,18,0,0,4,2,1,0,11,1,2,34,9,0,1,33,7,0,14
spp65,Cestrum_schlechtendalii,pioneer,0,0,0,0,0,0,0,0,1,4,0,0,1,0,2,0,0,0,0,0,0,0,0,0,0,0,0,0,0,0,0,0
spp66,Cestrum_sp.,UC,0,0,0,0,0,0,0,0,0,0,0,0,0,0,0,0,0,0,2,0,0,0,0,0,0,0,0,0,0,0,0,0
spp67,Cestrum_strigilatum,nonpioneer_understory,0,0,0,0,0,0,0,0,0,0,0,0,0,0,0,0,0,0,0,0,0,0,0,0,0,0,0,0,0,0,0,1
spp68,Chiococca_alba,nonpioneer_understory,0,0,0,0,0,0,0,0,0,0,0,4,0,0,0,0,0,0,0,0,0,0,0,0,0,0,0,0,0,0,0,0
spp69,Chomelia_bella,nonpioneer_understory,0,0,10,0,0,16,0,0,0,16,3,6,1,0,0,1,2,0,0,0,0,0,0,0,0,0,0,0,7,0,0,0
spp70,Chomelia_obtusa,nonpioneer_understory,0,0,3,0,0,13,5,0,9,1,3,6,0,0,1,0,0,0,0,0,0,0,0,0,0,0,0,0,0,0,0,0
spp71,Chomelia_pohliana,nonpioneer_understory,0,0,0,0,0,0,0,0,0,0,0,0,0,0,0,0,4,0,0,0,0,0,0,0,0,0,0,0,0,0,0,0
spp72,Christiana_macrodon,pioneer,0,0,0,1,0,0,0,0,0,0,0,0,0,0,0,0,0,0,0,0,0,0,0,0,0,0,0,0,0,0,0,0
spp73,Chrysophyllum_gonocarpum,nonpioneer_canopy,0,0,0,0,0,0,0,0,0,0,0,0,0,1,0,0,0,20,0,0,0,0,0,0,0,0,0,0,0,0,0,0
spp74,Chrysophyllum_marginatum,nonpioneer_canopy,1,4,10,6,0,8,50,7,4,4,5,39,0,4,3,0,4,1,0,0,0,0,0,0,0,0,0,0,0,0,1,0
spp75,Citharexylum_myrianthum?,pioneer,0,0,0,0,0,0,0,0,0,0,0,0,0,0,0,0,0,0,0,0,0,0,0,1,0,0,0,0,0,0,0,0
spp76,Citronella_paniculata,nonpioneer_canopy,0,0,0,0,2,0,0,0,0,0,1,6,4,1,1,2,0,0,0,0,0,0,0,0,0,0,0,0,0,0,0,0
spp78,Clusia_criuva,nonpioneer_canopy,0,0,0,0,1,0,0,0,0,0,0,0,0,0,0,0,0,0,0,0,0,0,0,0,0,0,0,0,0,0,0,0
spp80,Colubrina_glandulosa,nonpioneer_canopy,0,0,0,0,0,0,0,0,0,0,0,0,0,0,0,1,0,0,0,1,0,0,0,0,0,21,0,8,3,4,0,26
spp81,Copaifera_langsdorffii,nonpioneer_canopy,0,11,29,47,0,3,7,13,30,10,10,16,11,0,31,1,0,8,0,0,0,0,0,0,2,9,0,0,20,2,0,0
spp83,Cordia_superba,nonpioneer_canopy,0,0,0,0,0,0,0,0,0,0,0,0,0,0,0,0,0,0,4,0,0,0,0,0,0,0,0,1,2,1,1,6
spp84,Cordia_trichotoma,nonpioneer_canopy,0,0,1,0,0,0,0,0,0,0,0,5,0,0,1,0,3,0,0,0,0,0,0,0,0,0,0,0,0,0,0,0
spp85,Cordiera_concolor,nonpioneer_understory,0,0,0,0,0,0,0,0,0,2,0,0,0,0,2,0,0,0,0,0,0,0,0,0,0,0,0,0,0,0,0,0
spp86,Cordiera_myrciifolia,nonpioneer_understory,0,16,46,42,0,23,10,15,23,37,5,25,5,0,7,1,1,1,0,0,0,0,0,0,0,0,0,0,0,0,0,0
spp87,Coussarea_contracta,nonpioneer_understory,0,3,0,0,0,0,0,0,0,0,0,0,0,0,0,0,0,0,0,0,0,0,0,0,0,0,0,0,0,0,0,0
spp88,Coussarea_hydrangeifolia,nonpioneer_understory,6,0,0,3,0,0,0,0,0,0,0,9,1,0,0,0,1,0,0,0,0,0,0,0,0,0,0,0,0,0,0,0
spp89,Coutarea_hexandra,nonpioneer_understory,0,0,0,0,13,0,0,0,0,0,2,0,0,0,0,0,0,0,0,0,0,0,0,0,0,0,0,0,0,0,0,0
spp90,Critonia_megaphylla,pioneer,1,0,0,0,0,0,0,0,0,0,5,0,6,0,0,14,0,0,0,0,0,0,0,0,0,0,0,0,0,0,0,0
spp91,Croton_floribundus,pioneer,0,0,0,0,0,0,0,0,0,4,0,0,6,1,0,0,0,0,0,0,0,0,0,9,0,0,1,1,0,0,3,0
spp92,Croton_piptocalyx,pioneer,0,0,1,0,0,0,0,0,0,0,4,0,15,7,0,6,0,3,0,0,0,0,0,0,0,0,0,0,0,1,0,0
spp93,Croton_rottlerifolius,nonpioneer_understory,0,0,0,0,0,0,0,0,0,0,3,0,0,0,0,0,0,0,0,0,0,0,0,0,0,0,0,0,0,0,0,0
spp94,Croton_urucurana,pioneer,0,0,0,0,0,0,0,0,0,0,0,0,0,0,0,0,0,0,35,1,17,14,5,18,12,5,1,12,46,3,0,1
spp95,Cupania_sp.,UC,0,0,0,0,2,0,0,0,0,0,0,0,0,0,0,0,0,0,0,0,0,0,0,0,0,0,0,0,0,0,0,0
spp96,Cupania_vernalis,nonpioneer_canopy,0,2,0,0,0,0,15,0,0,32,0,20,12,0,2,5,0,2,0,0,0,0,0,0,0,0,0,0,0,0,0,0
spp97,Cybistax_antisyphilitica,nonpioneer_canopy,0,0,0,0,0,0,0,0,0,0,0,0,0,0,1,0,0,0,0,0,0,0,0,0,0,0,0,0,0,0,0,0
spp98,Dahlstedtia_floribunda,nonpioneer_understory,0,0,0,1,0,0,0,0,0,0,5,0,0,0,0,0,0,13,0,0,0,0,0,0,0,0,0,0,1,0,1,0
spp99,Dahlstedtia_muehlbergiana,nonpioneer_understory,0,0,0,0,0,0,0,0,0,2,0,1,1,0,0,1,0,0,0,0,0,0,0,0,0,0,0,0,0,0,0,0
spp100,Dalbergia_frutescens,pioneer,0,0,0,0,0,0,1,0,0,3,0,0,4,1,0,0,0,0,0,0,0,0,0,0,0,0,0,0,0,0,0,0
spp101,Dalbergia_nigra,nonpioneer_canopy,0,0,0,0,0,0,0,0,0,0,1,0,0,0,0,0,0,0,0,0,0,0,0,0,0,0,0,0,0,1,0,0
spp102,Dasyphyllum_brasiliense,pioneer,0,0,0,0,0,3,5,1,0,5,2,0,0,7,4,1,0,0,0,0,0,0,0,0,0,0,0,0,7,0,0,0
spp103,Dendropanax_cuneatus,nonpioneer_canopy,0,2,4,2,5,1,1,0,2,1,1,19,3,0,7,1,9,2,0,0,1,0,0,0,0,0,0,0,0,0,0,0
spp104,Dictyoloma_vandellianum,nonpioneer_canopy,0,0,0,0,0,0,0,0,0,0,0,0,0,0,0,0,0,0,0,0,0,0,0,3,0,0,1,0,0,0,0,0
spp105,Dilodendron_bipinnatum,pioneer,0,0,6,0,0,4,4,1,0,0,0,4,0,0,0,0,5,1,0,0,0,0,0,2,0,0,0,0,1,1,1,0
spp107,Diospyros_hispida,nonpioneer_canopy,0,0,0,1,0,0,0,0,0,15,0,10,0,0,0,0,0,0,0,0,0,0,0,0,0,0,0,0,0,0,0,0
spp108,Diospyros_inconstans,nonpioneer_canopy,0,0,0,0,0,0,1,0,0,0,0,0,4,0,1,0,0,0,0,0,0,0,0,0,0,0,0,0,0,0,0,0
spp109,Duguetia_lanceolata,nonpioneer_canopy,0,0,0,0,0,0,0,0,0,8,0,0,0,0,0,2,0,0,0,0,0,0,0,0,0,0,0,0,0,0,0,0
spp110,Endlicheria_paniculata,nonpioneer_understory,1,0,0,0,0,0,0,0,0,1,0,0,0,0,0,2,27,0,0,0,0,0,0,0,0,0,0,0,0,0,0,0
spp111,Enterolobium_contortisiliquum,pioneer,0,4,0,0,0,12,0,0,0,0,2,5,0,0,0,0,1,4,0,0,0,0,0,11,0,0,0,5,0,1,3,2
spp112,Eriotheca_candolleana,nonpioneer_canopy,0,0,0,0,0,0,0,0,0,3,0,0,0,0,0,0,0,0,0,0,0,0,0,0,0,0,0,0,0,0,0,0
spp114,Erythrina_verna,nonpioneer_canopy,0,0,0,0,0,0,0,0,0,0,0,0,0,0,0,0,0,0,0,0,0,0,0,0,0,0,0,0,0,0,2,0
spp115,Erythroxylum_cuneifolium,nonpioneer_understory,0,0,0,3,0,0,0,0,5,0,0,0,0,0,0,0,0,0,0,0,0,0,0,0,0,0,0,0,0,0,4,0
spp116,Erythroxylum_deciduum,nonpioneer_understory,0,9,20,3,0,2,3,0,14,3,4,29,0,0,4,0,4,0,0,0,0,0,0,0,0,0,0,0,0,0,0,0
spp117,Erythroxylum_pelleterianum,nonpioneer_understory,22,20,1,29,0,11,9,71,40,26,5,28,4,0,30,0,13,1,0,0,0,0,0,0,0,0,0,1,6,1,0,0
spp118,Erytroxylum_sp.,UC,0,0,0,0,0,0,0,0,0,0,0,0,0,0,0,0,0,0,0,0,0,0,0,0,0,0,0,0,7,0,0,0
spp119,Esenbeckia_febrifuga,nonpioneer_understory,0,0,0,0,0,0,0,0,0,0,0,0,0,0,0,0,0,0,0,0,0,0,0,0,0,0,0,0,0,0,1,0
spp120,Esenbeckia_grandiflora,nonpioneer_canopy,0,0,0,0,0,0,0,0,0,0,7,0,0,0,0,0,0,0,0,0,0,0,0,0,0,0,0,0,0,0,0,0
spp121,Eugenia_cf._mansoi,nonpioneer_understory,0,0,0,0,0,0,0,0,4,0,0,0,0,0,0,0,0,0,0,0,0,0,0,0,0,0,0,0,0,0,0,0
spp122,Eugenia_florida,nonpioneer_understory,0,0,1,0,0,9,5,0,0,10,9,4,4,1,18,4,1,30,0,0,0,2,1,0,0,0,0,0,5,0,0,0
spp123,Eugenia_hiemalis,nonpioneer_understory,0,0,6,0,0,0,0,0,0,0,4,0,4,0,0,2,0,0,0,0,0,0,0,0,0,0,0,0,0,0,0,0
spp124,Eugenia_involucrata,nonpioneer_understory,0,0,0,0,0,4,0,0,0,2,2,0,4,0,1,0,0,0,0,0,0,0,0,0,0,0,0,0,0,0,0,0
spp125,Eugenia_ligustrina,nonpioneer_understory,0,0,0,0,0,0,2,0,0,0,11,0,9,0,0,8,0,3,0,0,0,2,0,0,0,0,0,0,1,0,0,0
spp126,Eugenia_pluriflora,nonpioneer_understory,0,0,0,0,0,0,0,0,0,0,0,0,0,0,0,0,0,0,0,0,0,0,0,0,0,0,0,3,0,0,0,0
spp127,Eugenia_pyriformis,nonpioneer_canopy,1,0,0,0,0,0,0,0,1,0,0,0,0,0,0,0,0,0,0,0,0,0,0,1,0,0,0,0,0,0,0,0
spp128,Eugenia_uniflora,nonpioneer_understory,0,0,0,0,0,0,0,0,0,0,0,0,0,0,0,0,0,0,0,0,1,4,0,0,1,0,0,0,1,0,3,0
spp129,Faramea_latifolia,nonpioneer_understory,0,0,0,0,0,0,0,0,0,0,1,0,0,0,0,8,0,0,0,0,0,0,0,0,0,0,0,0,0,0,0,0
spp130,Ficus_guaranitica,nonpioneer_canopy,0,0,0,0,0,1,0,0,0,0,0,0,0,0,0,0,0,0,0,0,0,0,0,0,0,0,0,0,0,0,0,0
spp132,Ficus_sp.,UC,0,0,0,0,0,1,0,0,0,0,0,0,0,0,0,0,0,0,1,0,0,0,0,1,0,0,0,0,0,0,0,0
spp133,Galipea_jasminiflora,nonpioneer_understory,0,0,0,0,0,0,0,0,0,0,2,0,25,21,0,0,0,0,0,0,0,0,0,0,0,0,0,0,0,0,0,0
spp134,Gallesia_integrifolia,nonpioneer_canopy,0,0,0,0,0,0,0,0,0,0,0,0,0,0,0,0,0,0,0,0,0,0,0,0,0,0,1,0,0,0,0,0
spp135,Gaylussacia_brasiliensis,understory,0,0,0,0,36,0,0,0,0,0,0,0,0,0,0,0,0,0,0,0,0,0,0,0,0,0,0,0,0,0,0,0
spp136,Geissanthus_ambiguus,nonpioneer_understory,0,0,1,0,0,11,3,1,0,2,8,2,8,4,2,5,2,5,0,0,0,0,0,0,0,0,0,0,0,0,0,0
spp137,Genipa_americana,nonpioneer_canopy,0,0,0,0,0,0,0,0,0,0,0,0,0,0,0,3,0,0,0,0,0,0,0,0,0,1,1,0,0,0,0,0
spp138,Guapira_graciliflora,nonpioneer_understory,0,0,0,0,0,0,0,0,1,0,0,0,0,0,0,0,0,0,0,0,0,0,0,0,0,0,0,0,0,0,0,0
spp139,Guapira_hirsuta,nonpioneer_understory,0,0,0,10,0,2,0,0,4,0,0,1,1,0,0,0,0,0,0,0,0,0,0,0,0,0,0,0,0,0,0,0
spp141,Guapira_opposita,nonpioneer_understory,0,7,2,0,0,5,0,0,0,0,0,0,1,2,0,1,0,0,0,0,0,0,0,0,0,0,0,0,0,0,0,0
spp142,Guarea_guidonia,nonpioneer_canopy,22,49,11,0,0,13,6,10,5,17,9,0,9,0,44,16,38,68,0,0,1,1,0,1,0,2,3,0,0,0,0,0
spp143,Guarea_kunthiana,nonpioneer_canopy,0,0,4,1,0,0,0,2,0,0,40,0,5,4,9,27,1,6,0,0,0,0,0,0,0,0,0,0,0,0,0,0
spp144,Guarea_macrophylla,nonpioneer_canopy,3,0,0,0,82,0,0,0,1,0,6,0,2,2,5,7,0,5,0,0,0,0,0,0,0,0,0,0,0,1,0,1
spp145,Guarea_sp.,UC,0,0,0,0,0,0,0,0,2,1,2,0,0,0,3,0,0,0,0,0,0,0,0,0,0,4,0,0,0,0,0,0
spp146,Guazuma_ulmifolia,pioneer,0,0,6,0,0,2,0,1,0,0,1,1,0,0,0,0,0,1,0,0,0,0,0,8,2,0,8,6,0,0,89,0
spp147,Guettarda_pohliana,nonpioneer_understory,0,0,2,0,0,0,0,0,0,0,0,0,0,0,5,0,0,0,0,0,0,0,0,0,0,0,0,0,0,0,0,0
spp148,Guettarda_viburnoides,nonpioneer_understory,0,1,1,0,0,13,0,1,3,0,0,1,0,0,0,0,0,0,0,0,0,0,0,0,0,0,0,0,0,0,0,0
spp149,Gymnanthes_klotzschiana,nonpioneer_understory,0,0,0,0,0,0,0,2,0,0,1,0,0,0,0,1,0,0,0,0,0,0,0,0,0,0,0,0,0,0,39,0
spp150,Hamelia_patens,nonpioneer_understory,0,0,0,0,0,0,0,0,0,0,1,10,2,3,0,0,0,0,0,0,0,0,0,0,0,0,0,0,0,0,0,0
spp151,Handroanthus_cf._umbellatus,nonpioneer_canopy,0,0,0,0,1,0,0,0,0,0,0,0,0,0,0,0,0,0,0,0,0,0,0,0,0,0,0,0,0,0,0,0
spp152,Handroanthus_chrysotrichus,nonpioneer_canopy,0,0,0,0,0,0,0,0,0,0,0,0,0,0,0,0,0,0,1,0,0,0,0,0,0,0,0,3,0,0,0,0
spp153,Handroanthus_heptaphyllus,nonpioneer_canopy,0,0,0,0,3,0,0,0,0,0,0,1,0,0,1,0,0,0,0,0,2,0,0,0,0,0,0,0,1,0,0,0
spp154,Handroanthus_impetiginosus,nonpioneer_canopy,0,0,0,0,0,0,0,0,0,0,2,0,0,0,0,0,1,0,0,0,0,0,0,0,0,0,0,0,0,0,0,0
spp155,Handroanthus_ochraceus,nonpioneer_canopy,0,0,0,0,0,0,0,0,0,0,0,2,0,0,1,0,0,0,0,0,0,0,0,0,0,0,0,0,0,0,0,0
spp156,Hebanthe_eriantha,nonpioneer_understory,0,0,0,0,0,2,0,9,0,0,0,0,0,0,0,0,0,0,0,0,0,0,0,0,0,0,0,0,0,0,0,0
spp157,Hebanthe_sp.,UC,1,0,0,0,0,0,0,0,0,0,0,0,0,0,0,0,0,0,0,0,0,0,0,0,0,0,0,0,0,0,0,0
spp158,Hedyosmum_brasiliense,nonpioneer_canopy,0,0,0,0,52,0,0,0,0,0,0,0,0,0,0,0,44,0,0,0,0,0,0,0,0,0,0,0,0,0,0,0
spp159,Helicteres_brevispira,pioneer,0,5,0,0,0,0,0,0,0,0,0,0,0,0,0,0,0,0,0,0,0,0,0,0,0,0,0,0,0,0,0,0
spp160,Helicteres_lhotzkyana,pioneer,0,0,0,0,0,6,0,0,0,0,0,0,0,0,0,0,5,0,0,0,0,0,0,0,0,0,0,0,0,0,0,0
spp161,Heliocarpus_popayanensis,pioneer,1,0,0,0,0,0,0,0,0,0,0,0,0,0,0,0,0,0,30,4,0,7,1,10,5,2,0,0,1,0,0,0
spp162,Holocalyx_balansae,nonpioneer_canopy,0,0,0,0,0,0,0,0,0,0,11,0,0,0,0,8,0,0,0,0,0,0,0,0,0,0,0,0,0,0,0,0
spp163,Hymenaea_courbaril,nonpioneer_canopy,0,0,0,0,0,0,0,0,0,0,2,0,0,2,0,3,0,0,2,1,0,1,1,1,0,0,0,0,0,0,0,0
spp164,Ilex_affinis,nonpioneer_understory,0,0,0,0,3,0,0,0,0,0,0,0,0,0,0,0,0,0,0,0,0,0,0,0,0,0,0,0,0,0,0,0
spp165,Ilex_brasiliensis,nonpioneer_understory,0,0,0,0,8,0,0,0,0,0,0,0,0,0,0,0,0,0,0,0,0,0,0,0,0,0,0,0,0,0,0,0
spp166,Inga_laurina,pioneer,0,0,0,0,0,0,0,0,0,0,0,0,0,0,0,0,0,0,0,0,0,0,0,0,0,0,0,0,0,0,0,1
spp167,Inga_marginata,pioneer,0,0,0,0,0,0,0,0,0,0,17,0,20,10,0,14,0,14,0,0,0,0,0,1,0,0,3,1,0,0,0,0
spp168,Inga_sp.,UC,0,0,0,0,0,1,0,0,0,0,0,0,0,0,0,0,0,0,0,0,0,0,0,0,0,0,0,0,0,0,0,0
spp169,Inga_striata,pioneer,0,0,0,0,0,0,0,0,0,1,2,0,7,6,2,2,0,5,0,0,0,0,0,0,0,0,0,0,0,0,0,0
spp170,Inga_vera,pioneer,0,0,0,0,0,0,0,0,1,0,0,0,0,0,6,0,0,0,0,0,0,0,0,1,6,2,1,0,0,0,0,0
spp171,Ixora_venulosa,nonpioneer_understory,0,0,0,0,0,0,0,0,0,9,1,0,5,0,0,5,0,0,0,0,0,0,0,0,0,0,0,0,0,0,0,0
spp172,Jacaranda_cuspidifolia,nonpioneer_canopy,0,0,2,0,0,1,0,0,0,0,0,9,0,0,1,0,0,0,1,0,0,0,0,0,0,0,0,0,0,0,0,0
spp173,Jacaranda_sp.,UC,0,0,0,0,0,0,0,0,0,0,0,0,0,0,0,0,0,0,0,0,0,0,0,7,0,0,0,0,0,0,0,0
spp174,Lacistema_hasslerianum,nonpioneer_understory,0,48,21,10,1,0,0,11,1,37,4,2,0,0,5,1,2,0,0,0,1,1,0,0,0,0,0,0,0,0,0,0
spp176,Lafoensia_pacari,nonpioneer_canopy,0,0,4,0,0,1,0,0,0,0,0,1,0,0,0,0,0,0,0,2,0,12,0,11,22,0,2,7,5,0,19,0
spp177,Leandra_regnellii,nonpioneer_understory,0,0,0,0,0,0,0,0,0,6,0,0,0,0,0,0,13,0,0,0,0,0,0,0,0,0,0,0,0,0,0,0
spp180,Lithrea_molleoides,pioneer,0,0,0,0,0,0,0,0,0,0,0,2,0,0,0,0,0,0,1,0,1,1,0,2,0,0,1,0,0,2,0,0
spp181,Luehea_candicans,nonpioneer_canopy,0,4,13,0,0,7,1,12,20,6,0,15,0,0,0,0,0,0,0,0,0,0,0,0,0,0,1,0,0,0,0,0
spp182,Luehea_divaricata,nonpioneer_canopy,0,0,0,0,0,0,0,0,0,0,0,0,0,0,11,0,0,0,0,0,0,0,0,0,0,0,0,0,0,0,0,0
spp183,Luehea_grandiflora,nonpioneer_canopy,0,3,0,0,0,0,0,0,0,0,0,0,0,0,0,0,0,0,0,0,0,0,0,0,0,0,0,0,0,0,0,0
spp184,Mabea_fistulifera,pioneer,0,0,0,0,0,0,0,0,0,0,0,0,0,0,0,0,0,0,0,0,0,0,0,0,0,0,1,0,0,0,0,1
spp185,Macairea_radula,nonpioneer_understory,0,0,0,0,7,0,0,0,0,0,0,0,0,0,0,0,0,0,0,0,0,0,0,0,0,0,0,0,0,0,0,0
spp186,Machaerium_acutifolium,nonpioneer_canopy,0,0,0,0,0,0,0,0,2,3,1,0,0,2,0,0,0,0,0,0,0,0,0,0,0,0,0,0,0,0,0,0
spp187,Machaerium_brasiliense,nonpioneer_canopy,0,0,0,1,0,0,0,0,0,0,0,0,1,0,0,0,0,0,0,0,0,0,0,0,0,0,0,0,0,0,0,0
spp188,Machaerium_hirtum,nonpioneer_canopy,0,2,0,0,0,13,14,2,0,0,1,0,0,0,2,0,0,7,0,0,0,0,0,0,0,0,0,0,0,0,0,0
spp189,Machaerium_nyctitans,nonpioneer_canopy,0,0,0,0,0,0,0,0,0,1,0,0,0,0,0,0,0,0,0,0,0,0,0,0,0,0,0,0,0,0,1,0
spp190,Machaerium_paraguariense,nonpioneer_canopy,0,0,0,0,0,0,0,0,0,0,1,0,0,0,0,0,0,0,0,0,0,0,0,0,0,0,0,0,0,0,0,0
spp191,Machaerium_sp.,UC,0,0,0,0,0,0,0,0,0,0,0,0,0,0,0,0,0,0,0,0,0,1,0,0,0,0,0,0,0,0,0,0
spp192,Machaerium_stipitatum,nonpioneer_canopy,0,0,0,0,0,0,11,0,4,0,2,0,1,1,0,1,0,1,0,0,0,0,0,0,0,0,0,0,0,0,0,0
spp193,Machaerium_villosum,nonpioneer_canopy,0,0,0,0,0,0,0,0,0,2,0,0,0,0,0,0,0,0,0,0,0,0,0,0,0,0,0,0,0,0,0,0
spp194,Maclura_tinctoria,nonpioneer_canopy,0,0,4,0,0,0,0,0,0,0,0,1,0,0,2,0,4,0,1,0,0,0,0,0,0,1,0,0,0,2,0,0
spp195,Magnolia_ovata,nonpioneer_canopy,0,0,0,0,24,0,0,0,0,0,0,0,0,0,0,0,13,0,0,0,0,0,0,0,0,0,0,0,0,0,0,0
spp196,Magonia_pubescens,nonpioneer_canopy,0,0,0,0,0,0,0,0,0,0,0,0,0,0,0,0,2,0,0,0,0,0,0,0,0,0,0,0,0,0,0,0
spp198,Margaritopsis_cephalantha,nonpioneer_understory,2,63,0,0,0,0,0,0,0,96,2,0,15,1,0,7,0,0,0,0,0,0,0,0,0,0,0,0,0,0,0,0
spp199,Matayba_elaeagnoides,nonpioneer_canopy,0,3,1,0,0,0,0,3,1,0,1,0,3,0,3,4,0,0,0,0,0,0,0,0,0,0,0,0,0,0,0,0
spp200,Matayba_juglandifolia,nonpioneer_canopy,0,0,0,0,0,0,0,0,0,1,0,0,0,0,0,0,0,0,0,0,0,0,0,0,0,0,0,0,0,0,0,0
spp201,Maytenus_aquifolia,nonpioneer_understory,0,0,0,0,0,0,0,0,0,0,0,0,6,0,0,42,0,0,0,0,0,0,0,0,0,0,0,0,0,0,0,0
spp202,Maytenus_cf._cestrifolia,nonpioneer_understory,0,0,0,0,0,0,0,0,0,0,0,0,0,0,0,4,0,0,0,0,0,0,0,0,0,0,0,0,0,0,0,0
spp203,Maytenus_gonoclada,nonpioneer_understory,0,2,23,0,0,18,18,0,0,3,12,12,0,0,0,0,0,6,0,0,0,0,0,0,0,0,0,0,0,0,0,0
spp204,Maytenus_sp.,UC,0,0,0,0,0,0,12,6,1,0,0,0,0,0,0,0,2,0,0,0,0,0,0,0,0,0,0,0,0,0,0,0
spp206,Metrodorea_nigra,nonpioneer_understory,0,0,0,0,0,0,0,0,0,0,0,0,0,0,0,78,0,0,0,0,0,0,0,0,0,0,0,0,0,0,0,0
spp207,Miconia_affinis,nonpioneer_understory,0,0,0,0,0,0,0,0,0,7,2,0,0,0,2,0,0,0,0,0,0,0,0,0,0,0,0,0,0,0,0,0
spp208,Miconia_albicans,pioneer,0,0,0,0,0,0,0,0,4,0,0,0,0,0,0,0,0,0,0,0,0,0,0,0,0,0,0,0,0,0,0,0
spp209,Miconia_calvescens,pioneer,0,0,0,0,0,0,0,0,0,0,0,0,0,0,7,0,31,0,0,0,0,0,0,0,0,0,0,0,0,0,0,0
spp210,Miconia_chamissois,understory,0,0,0,0,38,0,0,0,0,0,0,0,0,0,0,0,0,0,0,0,0,0,0,0,0,0,0,0,0,0,0,0
spp211,Miconia_elegans,nonpioneer_understory,0,0,0,0,2,0,0,0,0,0,0,0,0,0,0,0,0,0,0,0,0,0,0,0,0,0,0,0,0,0,0,0
spp212,Miconia_prasina,nonpioneer_understory,0,0,0,0,0,0,0,0,0,0,0,0,0,0,0,0,4,0,0,0,0,0,0,0,0,0,0,0,0,0,0,0
spp213,Miconia_pusilliflora,nonpioneer_understory,0,0,0,0,0,0,0,0,0,0,0,0,0,0,0,0,4,0,0,0,0,0,0,0,0,0,0,0,0,0,0,0
spp214,Miconia_sp.1,UC,0,0,0,18,0,0,0,0,0,0,0,0,0,0,0,0,0,0,0,0,0,0,0,0,0,0,0,0,0,0,0,0
spp215,Miconia_sp.2,UC,0,4,0,0,0,0,0,0,0,0,0,0,0,0,0,0,0,0,0,0,0,0,0,0,0,0,0,0,0,0,0,0
spp216,Miconia_sp.3,UC,0,0,0,0,0,0,0,3,0,0,0,0,0,0,0,0,0,0,0,0,0,0,0,0,0,0,0,0,0,0,0,0
spp217,Miconia_sp.4,UC,0,0,0,0,0,0,0,0,4,0,0,0,0,0,0,0,0,0,0,0,0,0,0,0,0,0,0,0,0,0,0,0
spp218,Miconia_sp.5,UC,0,0,0,0,21,0,0,0,0,0,0,0,0,0,0,0,0,0,0,0,0,0,0,0,0,0,0,0,0,0,0,0
spp219,Miconia_sp.6,UC,0,0,0,0,15,0,0,0,0,0,0,0,0,0,0,0,0,0,0,0,0,0,0,0,0,0,0,0,0,0,0,0
spp220,Micrandra_elata,nonpioneer_canopy,0,0,0,0,0,0,0,0,0,0,5,0,0,0,0,0,0,0,0,0,0,0,0,0,0,0,0,0,0,0,0,0
spp221,Mimosa_bimucronata,pioneer,0,0,0,0,0,0,0,0,0,0,0,0,0,0,0,0,0,0,0,0,0,0,0,42,5,4,0,0,0,0,0,0
spp223,Mollinedia_widgrenii,nonpioneer_understory,0,0,1,0,0,0,0,0,0,8,1,0,2,6,0,6,0,10,0,0,0,0,0,0,0,0,0,0,0,0,0,7
spp224,Moquiniastrum_polymorphum,nonpioneer_canopy,0,0,0,0,0,0,0,0,10,0,0,0,0,0,0,0,0,0,0,0,0,0,0,0,0,0,0,0,0,0,0,0
spp228,Myracrodruon_urundeuva,nonpioneer_canopy,0,0,0,0,0,0,0,12,0,0,1,5,0,0,0,0,5,0,0,0,0,0,0,1,0,0,0,0,1,0,0,0
spp229,Myrcia_bella,nonpioneer_understory,0,0,0,1,0,0,0,0,6,0,0,0,0,0,3,0,0,0,0,0,0,0,0,0,0,0,0,0,0,0,0,0
spp230,Myrcia_laruotteana,nonpioneer_understory,0,0,0,0,22,0,0,0,0,0,0,0,0,0,0,0,0,0,0,0,0,0,0,0,0,0,0,0,0,0,0,0
spp232,Myrcia_tomentosa,nonpioneer_understory,0,1,15,5,0,0,0,1,2,0,0,7,0,0,2,0,0,0,0,0,0,1,0,0,0,0,0,3,2,1,0,0
spp234,Myrciaria_floribunda,nonpioneer_understory,0,0,0,0,0,0,0,0,0,3,0,0,0,0,0,0,0,0,0,0,0,0,0,0,0,0,0,0,0,0,0,0
spp235,Myroxylon_peruiferum,nonpioneer_canopy,0,0,0,0,0,0,0,0,0,1,18,0,3,0,0,9,0,5,0,0,1,3,1,0,1,0,0,0,0,0,0,0
spp236,Myrsine_coriacea,pioneer,0,1,0,0,0,0,0,1,0,1,0,0,0,0,3,0,0,0,0,0,0,1,0,0,0,0,0,0,0,0,0,0
spp237,Myrsine_gardneriana,nonpioneer_understory,0,0,0,0,55,0,0,0,0,3,0,0,0,0,0,1,0,0,0,0,0,0,0,0,0,0,0,0,0,198,0,0
spp239,Myrsine_sp.,UC,0,0,0,0,0,0,0,0,0,0,0,0,0,0,0,0,0,0,0,0,0,0,0,1,0,0,0,0,0,0,1,0
spp240,Myrsine_umbellata,nonpioneer_understory,0,6,1,1,1,0,0,0,3,7,0,5,0,0,0,0,0,2,0,7,23,59,6,23,31,64,10,26,13,0,35,15
spp241,Nectandra_cuspidata,nonpioneer_canopy,0,0,0,0,0,0,0,0,0,11,0,0,2,0,0,0,0,0,0,0,0,0,0,0,0,0,0,0,0,0,0,0
spp242,Nectandra_megapotamica,nonpioneer_canopy,0,2,0,5,0,0,1,8,10,1,5,14,4,0,4,12,0,5,0,0,0,0,0,0,0,24,0,0,0,2,0,0
spp243,Nectandra_nitidula,nonpioneer_canopy,0,0,0,0,0,0,0,0,0,0,0,12,0,0,0,0,0,0,0,0,0,0,0,0,0,0,0,0,0,0,0,0
spp244,Ocotea_indecora,nonpioneer_canopy,0,0,4,4,0,1,1,4,51,14,2,18,0,0,0,0,0,0,0,0,0,0,1,0,0,0,0,0,2,0,0,0
spp245,Ocotea_laxa,nonpioneer_understory,0,3,0,27,0,0,0,0,1,7,0,0,1,0,0,6,0,0,0,0,0,0,0,0,0,0,0,0,0,0,0,0
spp246,Ocotea_minarum,nonpioneer_canopy,1,6,6,0,0,2,3,1,0,1,1,0,0,0,6,0,0,0,1,0,0,0,0,0,0,2,0,0,1,0,0,0
spp247,Ocotea_puberula,nonpioneer_canopy,0,0,0,0,0,1,0,0,0,0,0,0,0,0,0,0,0,0,0,0,0,0,0,0,0,0,0,0,0,0,0,0
spp248,Ocotea_pulchella,nonpioneer_canopy,2,13,10,0,0,1,0,0,1,0,0,0,0,0,0,0,0,0,0,0,0,0,0,0,0,0,0,0,0,0,0,0
spp249,Ocotea_velutina,nonpioneer_canopy,0,0,0,0,0,6,0,0,4,2,0,23,3,0,44,0,0,30,0,0,0,3,0,1,0,0,0,0,0,0,0,0
spp250,Ormosia_arborea,nonpioneer_canopy,0,1,0,0,0,0,0,0,0,0,0,0,1,0,0,0,0,0,0,0,0,0,0,0,0,0,0,0,0,0,0,0
spp251,Ouratea_castaneifolia,nonpioneer_canopy,0,0,0,0,0,0,2,7,0,13,1,4,2,0,0,0,0,0,0,0,0,0,0,0,0,0,0,0,0,0,0,0
spp252,Ouratea_sp.,UC,0,0,0,0,5,0,0,0,0,0,0,0,0,0,0,0,0,0,0,0,0,0,0,0,0,0,0,0,0,0,0,0
spp254,Palicourea_macrobotrys,nonpioneer_understory,0,0,0,0,0,0,0,0,0,0,3,0,6,0,3,5,0,0,0,0,0,0,0,0,0,0,0,0,0,0,0,0
spp255,Parapiptadenia_rigida,pioneer,0,0,0,0,0,1,0,0,0,0,0,0,0,0,0,0,0,1,0,0,0,0,0,0,0,0,1,0,0,0,0,0
spp256,Peltophorum_dubium,pioneer,0,0,0,0,0,0,0,0,0,0,0,0,0,0,0,3,0,1,0,0,0,0,0,0,0,0,0,0,0,0,0,0
spp257,Pera_glabrata,pioneer,0,1,0,0,0,2,0,2,0,0,0,16,0,0,0,0,1,0,0,0,0,0,0,0,0,0,0,0,0,0,0,0
spp258,Petrea_volubilis,pioneer,0,0,3,1,0,0,0,2,0,0,2,0,0,0,5,2,0,0,0,0,0,0,0,0,0,0,0,0,0,0,0,0
spp259,Piper_amalago,nonpioneer_understory,7,11,1,4,0,7,30,54,1,3,23,0,29,42,0,28,3,31,0,0,0,0,0,0,0,8,0,0,0,2,0,0
spp260,Piper_amplum,nonpioneer_understory,0,0,0,0,0,0,0,0,0,0,0,0,0,0,0,8,0,0,0,0,0,0,0,0,0,0,0,0,0,0,0,0
spp261,Piper_arboreum,nonpioneer_understory,98,47,7,1,0,2,0,23,0,17,7,0,13,0,5,6,27,15,0,0,3,0,0,0,0,3,0,0,0,0,0,0
spp262,Piper_cf._malacophyllum,nonpioneer_understory,0,0,0,0,2,0,0,0,0,0,0,0,0,0,0,0,0,0,0,0,0,0,0,0,0,0,0,0,0,0,0,0
spp263,Piper_corcovadensis,nonpioneer_understory,0,0,0,0,0,0,0,0,0,17,7,0,0,0,0,17,0,6,0,0,0,0,0,0,0,0,0,0,0,0,0,0
spp264,Piper_fuligineum,nonpioneer_understory,0,0,0,0,0,0,0,0,0,0,0,0,0,0,0,0,0,0,0,0,0,0,0,0,4,0,0,0,0,1,0,0
spp265,Piper_gaudichaudianum,nonpioneer_understory,0,1,1,0,12,11,1,26,2,0,21,0,5,0,11,8,10,1,1,0,7,4,12,6,1,17,1,0,0,12,0,0
spp266,Piper_glabratum,nonpioneer_understory,0,1,0,0,0,0,1,0,0,0,0,0,19,0,1,6,0,31,0,0,0,0,0,0,0,0,0,0,0,0,0,0
spp267,Piper_mollicomum,nonpioneer_understory,8,21,0,0,0,2,2,0,2,0,14,1,0,0,11,2,0,42,0,0,0,0,1,1,0,0,0,0,0,0,0,0
spp268,Piper_regnellii,nonpioneer_understory,0,0,0,0,0,0,0,0,0,0,0,0,0,0,7,0,0,0,0,0,0,0,0,0,0,0,0,0,0,0,0,0
spp269,Piper_sp.,UC,0,0,0,3,0,0,0,0,0,0,0,0,0,0,0,0,0,11,0,0,0,0,0,0,0,0,0,0,0,0,0,0
spp270,Piptadenia_gonoacantha,nonpioneer_canopy,0,1,0,0,0,0,9,0,0,0,0,0,0,0,4,0,0,0,0,0,0,0,0,0,0,0,0,0,0,0,0,1
spp271,Plathymenia_reticulata,nonpioneer_canopy,0,1,3,0,0,0,0,0,0,0,0,4,0,0,0,0,0,0,0,0,0,0,0,0,0,0,0,0,0,0,0,0
spp272,Platycyamus_regnellii,nonpioneer_canopy,0,0,0,0,0,0,0,0,0,1,0,0,0,0,0,2,0,4,0,0,0,0,0,0,0,0,0,0,0,0,0,0
spp273,Platypodium_elegans,nonpioneer_canopy,0,0,16,2,0,0,0,3,28,0,0,35,0,0,2,0,2,0,0,0,0,0,0,0,0,0,0,0,0,0,0,0
spp274,Plinia_rivularis,nonpioneer_understory,0,0,0,0,0,0,0,0,1,0,21,2,0,1,0,49,0,20,0,0,0,0,0,0,0,0,0,0,0,0,0,0
spp275,Pombalia_atropurpurea,nonpioneer_understory,0,0,0,1,0,0,0,0,0,0,0,0,0,0,0,0,0,0,0,0,0,0,0,0,0,0,0,0,0,0,0,0
spp276,Pombalia_communis,nonpioneer_understory,0,0,0,0,0,0,0,0,0,0,0,0,0,1,0,0,0,1,0,0,0,0,0,0,0,0,0,0,0,0,0,0
spp277,Posoqueria_sp.,UC,0,0,0,0,1,0,0,0,0,0,0,0,0,0,0,0,0,0,0,0,0,0,0,0,0,0,0,0,0,0,0,0
spp278,Pouteria_caimito,nonpioneer_canopy,0,0,0,0,0,0,0,0,0,1,0,0,0,0,0,0,0,0,0,0,0,0,0,0,0,0,0,0,0,0,0,0
spp279,Pouteria_gardneri,nonpioneer_canopy,0,0,0,0,0,0,0,0,0,0,0,0,0,0,0,8,0,0,0,0,0,0,0,0,0,0,0,0,0,0,0,0
spp280,Prockia_crucis,nonpioneer_understory,0,0,0,0,0,0,0,0,0,0,4,0,0,0,0,0,0,0,0,0,0,0,0,0,0,0,0,0,0,0,0,0
spp281,Protium_heptaphyllum,nonpioneer_canopy,1,14,21,6,5,13,1,1,20,44,5,7,2,0,1,2,13,0,0,0,0,0,0,0,0,0,0,0,0,0,0,0
spp282,Prunus_myrtifolia,nonpioneer_canopy,0,1,0,0,0,0,0,0,0,1,2,0,0,1,0,0,0,0,0,0,0,0,0,0,0,0,0,0,0,0,1,0
spp283,Pseudobombax_grandiflorum,nonpioneer_canopy,0,0,0,0,0,0,0,0,0,0,0,4,1,0,0,0,0,0,0,0,0,0,0,0,0,0,0,0,0,0,0,0
spp285,Pseudolmedia_laevigata,nonpioneer_canopy,0,0,0,0,0,0,0,0,0,17,0,0,0,0,0,0,1,0,0,0,0,0,0,0,0,0,0,0,0,0,0,0
spp287,Psidium_cattleianum,nonpioneer_understory,0,0,0,0,0,0,0,0,0,0,0,0,0,0,0,0,0,0,0,0,0,0,0,0,0,0,0,0,0,0,1,0
spp289,Psidium_guineense,nonpioneer_understory,0,0,0,0,0,0,0,0,0,0,0,0,0,0,0,0,4,0,0,0,0,0,0,0,0,0,0,0,0,0,0,0
spp290,Psychotria_anceps,nonpioneer_understory,0,0,0,0,50,0,0,0,0,0,0,0,0,0,0,0,0,0,0,0,0,0,0,0,0,0,0,0,0,0,0,0
spp291,Psychotria_carthagenensis,nonpioneer_understory,11,48,7,6,4,16,5,6,12,0,4,20,5,0,10,2,36,1,0,1,0,0,0,0,0,2,1,0,2,2,0,0
spp292,Psychotria_deflexa,nonpioneer_understory,0,88,3,0,0,0,0,0,0,3,1,0,0,0,9,0,0,0,0,0,0,0,0,0,0,0,0,0,0,0,0,0
spp293,Psychotria_forsteronioides,nonpioneer_understory,0,0,0,0,0,0,0,0,0,14,0,0,0,0,0,0,0,0,0,0,0,0,0,0,0,0,0,0,0,0,0,0
spp294,Psychotria_gracilenta,nonpioneer_understory,0,0,0,0,0,0,0,0,0,0,0,0,0,0,5,0,0,0,0,0,0,0,0,0,0,0,0,0,0,0,0,0
spp295,Psychotria_mapourioides,nonpioneer_canopy,0,0,0,0,33,0,0,0,0,0,0,0,0,0,0,0,0,1,0,0,0,0,0,0,0,0,0,0,4,0,0,0
spp296,Psychotria_racemosa,nonpioneer_understory,0,1,0,59,0,0,0,0,0,0,6,13,26,0,19,9,0,4,0,0,0,0,0,0,0,0,0,0,0,0,0,0
spp297,Psychotria_sp.,UC,0,3,0,0,1,0,0,0,0,0,0,0,2,0,0,2,0,0,0,0,0,0,0,0,0,0,0,0,0,0,0,0
spp298,Psychotria_suterella,nonpioneer_understory,0,0,0,0,0,0,0,0,0,70,0,0,27,0,0,2,0,0,0,0,0,0,0,0,0,0,0,0,0,0,0,0
spp299,Psychotria_tenerior,nonpioneer_understory,0,0,0,0,139,0,0,0,0,0,0,0,0,0,0,0,0,0,0,0,0,0,0,0,0,0,0,0,0,0,0,0
spp300,Psychotria_tenuifolia,nonpioneer_understory,0,0,0,0,0,0,0,0,0,0,1,0,0,0,0,4,0,0,0,0,0,0,0,0,0,0,0,0,0,0,0,0
spp301,Pterocarpus_rohrii,nonpioneer_canopy,0,0,0,0,0,0,0,0,0,0,0,0,0,0,0,0,0,0,0,0,1,0,0,0,0,0,0,0,0,0,0,0
spp302,Pterogyne_nitens,nonpioneer_canopy,0,0,0,0,0,0,0,0,0,0,0,0,0,0,0,0,0,0,0,0,0,0,0,0,0,0,0,0,0,0,1,0
spp305,Randia_armata,nonpioneer_understory,0,0,0,3,0,0,0,10,0,0,0,0,0,0,0,0,0,0,0,0,0,0,0,0,0,0,0,0,0,0,0,0
spp306,Rhamnidium_elaeocarpum,nonpioneer_canopy,1,6,26,16,0,6,10,38,5,0,4,31,0,0,15,0,2,5,0,0,0,2,0,0,0,0,0,0,0,1,0,0
spp307,Roupala_montana,nonpioneer_canopy,0,0,6,1,0,0,1,0,15,2,0,11,1,0,1,1,0,0,0,0,0,0,0,0,0,0,0,0,0,0,0,0
spp308,Rudgea_jasminoides,nonpioneer_understory,0,0,3,0,0,0,0,0,0,0,0,0,1,0,0,0,0,0,0,0,0,0,0,0,0,0,0,0,0,0,0,0
spp311,Sapium_glandulosum,nonpioneer_canopy,0,0,0,0,2,0,0,0,0,0,0,0,0,0,0,0,0,0,0,0,0,0,0,0,0,0,0,0,0,0,0,0
spp312,Savia_dictyocarpa,nonpioneer_canopy,0,0,0,0,0,0,0,0,0,1,0,0,0,0,0,0,0,0,0,0,0,0,0,0,0,0,0,0,0,0,0,0
spp313,Schefflera_cf._calva,pioneer,0,0,1,0,0,0,0,0,0,0,0,0,0,0,0,0,0,0,0,0,0,0,0,0,0,0,0,0,0,0,0,0
spp314,Schefflera_morototoni,pioneer,0,14,5,1,0,0,0,5,14,5,7,0,0,0,2,0,0,2,0,0,0,0,0,0,0,0,0,0,0,0,0,0
spp315,Schinus_terebinthifolius,pioneer,0,0,0,0,0,0,0,0,0,0,0,0,0,0,0,0,0,0,7,7,3,8,8,15,36,5,0,13,53,20,1,0
spp316,Sebastiania_brasiliensis,nonpioneer_understory,0,8,9,0,0,5,0,0,5,0,0,0,0,0,1,0,0,0,0,0,0,0,0,0,0,0,0,0,0,0,0,0
spp317,Seguieria_americana,pioneer,0,0,0,0,0,0,1,2,0,1,0,0,5,0,0,0,0,0,0,0,0,0,0,0,0,0,0,0,0,0,0,0
spp318,Senegalia_lowei,pioneer,0,0,0,0,0,0,0,0,0,0,0,0,0,1,0,0,0,0,0,0,0,0,0,0,0,0,0,0,0,0,0,0
spp319,Senegalia_polyphylla,pioneer,0,2,1,24,0,2,41,7,11,0,1,8,12,31,4,1,32,7,0,0,0,0,0,15,0,0,0,58,0,0,0,0
spp320,Senegalia_tenuifolia,pioneer,0,12,0,3,0,2,6,0,0,15,0,8,29,22,9,7,0,54,0,0,0,0,0,0,1,0,0,8,0,0,0,0
spp321,Senna_alata,pioneer,0,0,0,0,0,0,0,0,0,0,0,0,0,0,0,0,0,0,0,0,0,1,0,35,1,3,0,0,0,0,27,0
spp322,Senna_macranthera,pioneer,0,0,0,0,0,0,0,0,0,1,0,0,0,0,0,0,0,0,0,0,0,0,0,0,0,0,0,10,0,0,16,0
spp323,Senna_multijuga,pioneer,0,0,0,0,0,0,0,0,0,0,0,0,0,0,0,0,0,0,0,0,0,0,0,3,32,0,1,27,8,0,74,0
spp324,Senna_pendula,pioneer,0,0,0,1,0,0,0,0,2,0,0,0,0,0,0,0,0,0,0,0,1,0,0,0,5,0,0,0,0,0,0,0
spp326,Simira_sampaioana,nonpioneer_canopy,0,0,0,0,0,0,0,0,0,0,11,0,1,0,0,1,0,0,0,0,0,0,0,0,0,0,0,0,0,0,0,0
spp327,Siparuna_bifida,nonpioneer_understory,0,0,0,0,0,0,0,0,0,0,0,0,0,0,0,9,0,0,0,0,1,0,0,0,0,0,0,0,0,0,0,0
spp328,Siparuna_guianensis,nonpioneer_understory,21,4,0,25,0,1,0,30,8,102,2,0,5,0,44,0,2,0,0,0,0,0,0,0,0,0,0,0,0,0,0,0
spp329,Solanum_argenteum,pioneer,0,0,0,0,0,0,0,1,0,0,5,0,3,9,0,4,0,0,0,0,0,0,0,0,0,0,0,0,0,0,0,0
spp330,Solanum_didymum,pioneer,0,4,0,0,0,0,1,0,0,2,0,0,0,0,0,0,0,0,0,0,0,0,0,0,0,0,0,0,0,0,0,0
spp331,Solanum_granulosoleprosum,pioneer,0,0,0,0,0,0,0,0,0,0,0,0,0,0,0,0,0,0,0,0,0,0,0,0,0,0,23,0,10,0,0,0
spp332,Solanum_mauritianum,pioneer,0,0,0,0,0,1,0,0,0,0,0,0,0,0,0,0,0,0,0,5,5,0,42,3,0,1,9,5,0,7,0,1
spp333,Solanum_paniculatum,pioneer,0,0,0,1,0,0,0,1,0,0,0,0,0,0,0,0,1,0,0,0,0,10,0,0,0,0,21,0,9,0,2,0
spp334,Solanum_pseudoquina,pioneer,0,2,0,0,0,0,0,0,0,0,0,0,0,0,0,0,0,2,0,0,0,0,0,0,0,0,0,0,0,0,4,0
spp335,Solanum_robustum,pioneer,0,0,0,0,0,0,0,0,0,0,0,0,0,0,0,0,0,0,0,0,0,0,0,0,0,0,5,0,0,0,0,0
spp336,Solanum_sp.,UC,0,0,0,0,0,0,0,0,0,0,0,0,0,0,3,0,0,0,0,0,0,0,0,0,0,0,0,0,0,0,0,0
spp337,Solanum_variabile,pioneer,0,0,0,0,0,0,0,0,0,0,0,0,0,0,0,0,0,0,0,0,2,0,0,0,0,0,0,0,0,0,0,0
spp338,Sorocea_bonplandii,nonpioneer_canopy,0,1,0,0,0,0,0,0,0,0,2,0,0,0,0,0,0,0,0,0,0,0,0,0,0,0,0,0,0,0,0,0
spp339,Strychnos_brasiliensis,nonpioneer_understory,0,0,0,0,0,0,0,0,0,1,1,0,0,0,0,0,0,0,0,0,0,0,0,0,0,0,0,0,0,0,0,0
spp340,Styrax_camporum,nonpioneer_understory,2,4,70,6,3,1,0,1,18,0,1,48,0,0,27,0,0,0,0,0,0,0,0,0,0,0,0,0,0,0,0,0
spp341,Styrax_pohlii,nonpioneer_understory,1,0,5,1,96,0,1,1,2,0,0,1,0,0,0,0,0,0,0,0,0,0,0,0,0,0,0,0,0,0,0,0
spp342,Styrax_sieberi,nonpioneer_understory,0,0,0,0,0,0,0,0,0,2,0,0,0,0,0,0,0,0,0,0,0,0,0,0,0,0,0,0,0,0,0,0
spp343,Sweetia_fruticosa,nonpioneer_canopy,0,0,0,0,0,0,0,0,0,1,1,0,0,0,0,0,0,0,0,0,0,0,0,0,0,0,0,0,0,0,0,0
spp344,Symplocos_celastrinea,nonpioneer_canopy,0,0,0,0,0,0,0,0,0,0,0,0,0,0,0,0,0,0,0,0,0,0,0,0,0,0,0,0,0,2,0,0
spp345,Symplocos_pubescens,nonpioneer_canopy,0,0,0,0,0,0,0,0,0,7,0,0,1,0,2,0,0,0,0,0,0,0,0,0,0,1,0,0,7,1,0,0
spp348,Tabebuia_insignis,nonpioneer_canopy,0,0,0,0,5,0,0,0,0,0,0,0,0,0,0,0,0,0,0,0,0,0,0,0,0,0,0,0,0,0,0,0
spp349,Tabebuia_roseoalba,nonpioneer_canopy,0,2,2,0,0,3,0,0,0,11,2,16,0,0,0,0,0,0,0,0,0,0,0,0,0,0,0,0,0,0,0,0
spp350,Tabernaemontana_catharinensis,pioneer,0,0,0,0,0,0,0,0,0,0,0,0,0,0,0,0,0,0,0,0,0,0,0,0,0,0,2,0,0,0,0,0
spp351,Tapirira_guianensis,pioneer,10,18,52,1,14,4,2,14,15,3,2,37,0,0,7,0,24,0,3,0,8,13,1,7,18,11,6,31,11,0,0,0
spp353,Terminalia_argentea,nonpioneer_canopy,0,0,0,0,0,0,0,0,0,0,0,0,0,0,0,0,1,0,0,0,0,0,0,0,0,0,0,0,0,0,0,0
spp354,Terminalia_glabrescens,nonpioneer_canopy,0,1,0,0,0,1,2,3,2,3,1,0,0,0,0,0,0,0,0,0,0,0,0,0,0,0,0,0,0,0,0,0
spp357,Trema_micrantha,pioneer,0,0,0,0,0,0,0,0,0,0,0,0,0,0,1,0,0,0,0,0,0,0,0,13,0,0,0,0,0,1,0,1
spp358,Trichilia_casaretti,nonpioneer_understory,0,0,0,0,0,0,4,0,0,0,0,0,0,1,1,0,0,0,0,0,0,0,0,0,0,0,0,0,0,0,0,0
spp359,Trichilia_catigua,nonpioneer_understory,0,0,6,0,0,0,0,0,0,4,38,0,19,4,0,39,14,0,0,0,0,0,0,0,0,0,0,0,0,0,0,0
spp360,Trichilia_clausseni,nonpioneer_understory,0,0,2,0,0,2,0,0,0,0,5,0,11,1,59,37,1,4,0,0,0,0,0,0,0,0,0,0,0,0,0,0
spp361,Trichilia_elegans,nonpioneer_understory,20,1,35,0,0,24,0,18,0,0,15,22,7,0,17,0,0,43,0,0,2,0,0,0,0,0,0,0,0,0,0,0
spp362,Trichilia_pallida,nonpioneer_understory,3,10,24,3,0,10,1,4,16,33,27,4,36,6,5,16,3,9,0,0,0,0,0,0,0,0,0,0,0,0,0,1
spp363,Trichilia_silvatica,nonpioneer_understory,0,0,0,0,0,0,0,0,0,0,0,0,0,0,0,3,0,0,0,0,0,0,0,0,0,0,0,0,0,0,0,0
spp364,Trichilia_sp.,UC,0,0,0,0,0,0,0,0,0,1,0,0,0,0,0,0,0,0,0,0,0,0,0,0,0,0,0,0,0,0,0,0
spp365,Trigonia_nivea,pioneer,0,0,0,4,0,2,0,0,0,0,0,0,0,0,0,0,0,0,0,0,0,0,0,0,0,0,0,0,0,0,0,0
spp366,Trixis_antimenorrhoea,pioneer,0,0,2,0,0,0,0,0,0,0,0,1,0,0,0,0,0,0,0,0,0,0,0,0,0,0,4,0,0,4,0,0
spp367,Urera_baccifera,pioneer,0,0,0,0,0,1,0,0,0,0,5,1,3,2,0,0,0,0,0,0,0,0,0,0,0,0,0,0,0,0,0,0
spp368,Varronia_polycephala,nonpioneer_understory,0,0,1,0,0,1,0,0,0,0,0,1,0,0,0,0,0,0,0,0,0,0,0,1,0,0,22,0,3,3,3,0
spp369,Vernonanthura_brasiliana,pioneer,0,0,0,0,0,0,0,0,0,0,0,0,0,0,0,0,0,0,2,0,0,0,0,3,0,2,0,5,0,22,0,0
spp370,Vernonanthura_puberula,pioneer,0,0,0,0,0,0,0,0,0,0,0,0,0,0,0,0,0,0,0,0,0,0,0,0,0,0,0,0,4,0,0,0
spp371,Vernonanthura_sp.,UC,0,0,0,0,1,0,0,0,0,0,0,0,0,0,0,0,0,0,0,0,0,0,0,0,0,0,0,0,0,0,0,0
spp372,Virola_sebifera,pioneer,2,5,1,32,0,0,0,8,2,11,2,0,8,0,3,1,0,0,0,0,0,0,0,0,0,0,0,0,0,0,0,0
spp373,Vitex_megapotamica,nonpioneer_canopy,0,0,0,0,0,0,0,0,0,3,0,0,0,0,0,0,0,0,0,0,0,0,0,0,0,0,0,0,0,0,0,0
spp374,Vochysia_sp.,UC,0,0,0,0,0,0,0,0,1,0,0,0,0,0,0,0,0,0,0,0,0,0,0,0,0,0,0,0,0,0,0,0
spp375,Vochysia_tucanorum,nonpioneer_canopy,1,2,28,2,0,0,0,0,1,1,10,18,0,0,0,0,0,0,0,0,0,0,0,0,0,0,0,0,0,0,0,0
spp376,Xylopia_aromatica,nonpioneer_canopy,0,6,0,0,0,0,0,12,18,0,2,8,0,0,8,0,0,0,0,0,0,0,0,0,0,0,0,0,3,0,0,0
spp377,Xylopia_brasiliensis,nonpioneer_canopy,0,0,0,0,0,0,0,0,0,5,0,0,0,0,1,0,0,0,0,0,0,0,0,0,0,0,0,0,0,0,0,0
spp378,Xylopia_emarginata,nonpioneer_canopy,0,0,0,0,39,0,0,0,0,0,0,0,0,0,0,0,0,0,0,0,0,0,0,0,0,0,0,0,0,0,0,0
spp379,Xylopia_sericea,nonpioneer_canopy,0,0,0,0,0,0,0,0,0,5,1,0,0,0,0,0,0,0,0,0,0,0,0,0,0,0,0,0,0,1,0,0
spp380,Xylosma_prockia,nonpioneer_canopy,0,0,0,0,0,0,0,0,0,0,0,1,0,0,0,0,0,0,0,0,0,0,0,0,0,0,0,0,0,0,0,0
spp381,Xylosma_pseudosalzmanii,nonpioneer_canopy,0,2,0,0,0,0,0,0,0,0,0,0,0,0,0,0,0,0,0,0,0,0,0,0,0,0,0,0,0,0,0,0
spp382,Xylosma_venosa,nonpioneer_understory,0,0,0,0,0,0,0,0,2,0,0,0,0,0,0,0,0,0,0,0,0,0,0,0,0,0,0,0,1,0,0,0
spp383,Zanthoxylum_caribaeum,nonpioneer_canopy,0,0,0,2,0,0,0,0,0,1,0,1,0,0,0,0,0,0,0,0,0,0,0,0,0,0,0,0,0,0,0,0
spp384,Zanthoxylum_petiolare,nonpioneer_canopy,0,0,0,0,0,0,0,0,0,0,2,0,0,0,0,0,0,0,0,0,0,0,0,0,0,0,0,0,0,0,0,0
spp385,Zanthoxylum_rhoifolium,pioneer,0,5,0,1,0,0,0,0,1,5,0,1,0,0,1,0,1,0,0,0,0,0,0,2,0,0,0,1,0,0,0,0
spp386,Zanthoxylum_sp.,UC,0,0,0,0,0,0,0,0,0,0,0,0,0,0,0,0,0,0,0,0,0,3,0,0,0,0,0,0,0,2,0,0
spp387,Zeyheria_montana,nonpioneer_canopy,0,0,0,3,0,0,0,0,0,0,0,3,0,0,0,0,0,0,0,0,0,0,0,0,0,0,0,0,0,0,0,0
spp388,Zeyheria_tuberculosa,nonpioneer_canopy,0,0,0,0,0,0,0,0,1,0,0,0,0,0,0,0,0,0,1,0,0,0,0,0,0,0,0,0,0,0,0,0
spp389,Zollernia_ilicifolia,nonpioneer_canopy,0,0,0,0,1,0,0,0,0,8,10,0,0,0,0,0,0,0,0,0,0,0,0,0,0,0,0,0,0,0,0,0
